<UDBootDefragSettings>
	<global>
	</global>
	<volume letter="F" baselcn="1348581">
		<MFTZone size="768"></MFTZone>
		<file name="$MFT" relative_position="0"></file>
		<file name="$LogFile" relative_position="1"></file>
		<file name="$Bitmap" relative_position="2"></file>
		<file name="$AttrDef" relative_position="3"></file>
		<file name="$UpCase" relative_position="4"></file>
		<file name="$MFTMirr" relative_position="5"></file>
		<file name="$Secure" relative_position="6"></file>
		<file name="$ObjId" relative_position="7"></file>
		<file name="$UsnJrnl" relative_position="8"></file>
	</volume>
	<volume letter="G" baselcn="874201">
		<MFTZone size="1267"></MFTZone>
		<file name="$MFT" relative_position="0"></file>
		<file name="$LogFile" relative_position="1"></file>
		<file name="$Bitmap" relative_position="2"></file>
		<file name="$AttrDef" relative_position="3"></file>
		<file name="$UpCase" relative_position="4"></file>
		<file name="$MFTMirr" relative_position="5"></file>
		<file name="$Secure" relative_position="6"></file>
		<file name="$Reparse" relative_position="7"></file>
		<file name="$Tops" relative_position="8"></file>
		<file name="pagefile.sys" relative_position="9"></file>
		<file name="hiberfil.sys" relative_position="10"></file>
		<file name="$ObjId" relative_position="11"></file>
		<file name="$UsnJrnl" relative_position="12"></file>
	</volume>
	<volume letter="H" baselcn="874201">
		<MFTZone size="1265"></MFTZone>
		<file name="$MFT" relative_position="0"></file>
		<file name="$LogFile" relative_position="1"></file>
		<file name="$Bitmap" relative_position="2"></file>
		<file name="$AttrDef" relative_position="3"></file>
		<file name="$UpCase" relative_position="4"></file>
		<file name="$MFTMirr" relative_position="5"></file>
		<file name="$Secure" relative_position="6"></file>
		<file name="$Reparse" relative_position="7"></file>
		<file name="$Tops" relative_position="8"></file>
		<file name="pagefile.sys" relative_position="9"></file>
		<file name="hiberfil.sys" relative_position="10"></file>
		<file name="$ObjId" relative_position="11"></file>
		<file name="$UsnJrnl" relative_position="12"></file>
	</volume>
	<volume letter="I" baselcn="1311972">
		<MFTZone size="1865"></MFTZone>
		<file name="$MFT" relative_position="0"></file>
		<file name="$LogFile" relative_position="1"></file>
		<file name="$Bitmap" relative_position="2"></file>
		<file name="$AttrDef" relative_position="3"></file>
		<file name="$UpCase" relative_position="4"></file>
		<file name="$MFTMirr" relative_position="5"></file>
		<file name="$Secure" relative_position="6"></file>
		<file name="$Reparse" relative_position="7"></file>
		<file name="$Tops" relative_position="8"></file>
		<file name="pagefile.sys" relative_position="9"></file>
		<file name="hiberfil.sys" relative_position="10"></file>
		<file name="$ObjId" relative_position="11"></file>
		<file name="$UsnJrnl" relative_position="12"></file>
	</volume>
</UDBootDefragSettings>