
<UI>
	<LastSelectedDrive INT="69"></LastSelectedDrive>
	<Options>
		<General>
			<Volumes>
				<VolC>
					<HP>
						<Type INT="0"></Type>
						<Days INT="50"></Days>
						<UseFastArc INT="2"></UseFastArc>
						<UseExt INT="0"></UseExt>
						<FM INT="0"></FM>
						<SortType INT="0"></SortType>
						<SortDirection INT="1"></SortDirection>
						<Fragmentibility INT="0"></Fragmentibility>
					</HP>
					<Arc>
						<Type INT="0"></Type>
						<Days INT="50"></Days>
						<UseFastArc INT="2"></UseFastArc>
						<UseExt INT="0"></UseExt>
						<FM INT="0"></FM>
						<SortType INT="0"></SortType>
						<SortDirection INT="1"></SortDirection>
					</Arc>
					<Exc>
						<Type INT="0"></Type>
						<Days INT="5"></Days>
					</Exc>
					<Excl>
						<UseExt INT="0"></UseExt>
						<SizeGB INT="-1"></SizeGB>
					</Excl>
					<RespectLayoutINI INT="0"></RespectLayoutINI>
					<VeryFastConsolidate INT="1"></VeryFastConsolidate>
					<VeryFastAuto INT="1"></VeryFastAuto>
					<Fragmentibility INT="0"></Fragmentibility>
					<FragmentibilityAuto INT="0"></FragmentibilityAuto>
					<Type INT="1"></Type>
					<Mode INT="1"></Mode>
					<RespectHP INT="0"></RespectHP>
					<RespectArc INT="0"></RespectArc>
					<PutDirsMFT INT="0"></PutDirsMFT>
					<LastMethod INT="1"></LastMethod>
					<LastDefragTime INT="1459246908"></LastDefragTime>
					<BOOTMFTReservedSize BIN="0 67 7 0 0 0 0 0 "></BOOTMFTReservedSize>
					<BOOTContigFileOrder STRING="0123456BC"></BOOTContigFileOrder>
					<BOOTAbsoluteFileOrder STRING=""></BOOTAbsoluteFileOrder>
					<BOOTContigBlockCluster BIN="80 84 1E 0 0 0 0 0 "></BOOTContigBlockCluster>
					<MFUD INT="100"></MFUD>
					<AutoGoesToInner INT="0"></AutoGoesToInner>
					<HPOnly INT="0"></HPOnly>
					<ArchiveOnly INT="0"></ArchiveOnly>
					<EnableBootDefrag INT="0"></EnableBootDefrag>
				</VolC>
				<VolD>
					<HP>
						<Type INT="0"></Type>
						<Days INT="50"></Days>
						<UseFastArc INT="2"></UseFastArc>
						<UseExt INT="0"></UseExt>
						<FM INT="0"></FM>
						<SortType INT="0"></SortType>
						<SortDirection INT="1"></SortDirection>
						<Fragmentibility INT="0"></Fragmentibility>
					</HP>
					<Arc>
						<Type INT="0"></Type>
						<Days INT="50"></Days>
						<UseFastArc INT="2"></UseFastArc>
						<UseExt INT="0"></UseExt>
						<FM INT="0"></FM>
						<SortType INT="0"></SortType>
						<SortDirection INT="1"></SortDirection>
					</Arc>
					<Exc>
						<Type INT="0"></Type>
						<Days INT="5"></Days>
					</Exc>
					<Excl>
						<UseExt INT="0"></UseExt>
						<SizeGB INT="0"></SizeGB>
					</Excl>
					<RespectLayoutINI INT="0"></RespectLayoutINI>
					<VeryFastConsolidate INT="1"></VeryFastConsolidate>
					<VeryFastAuto INT="1"></VeryFastAuto>
					<Fragmentibility INT="0"></Fragmentibility>
					<FragmentibilityAuto INT="0"></FragmentibilityAuto>
					<Type INT="0"></Type>
					<Mode INT="0"></Mode>
					<RespectHP INT="0"></RespectHP>
					<RespectArc INT="0"></RespectArc>
					<PutDirsMFT INT="0"></PutDirsMFT>
					<LastMethod INT="3"></LastMethod>
					<LastDefragTime INT="1453902335"></LastDefragTime>
					<BOOTMFTReservedSize BIN="0 53 5 0 0 0 0 0 "></BOOTMFTReservedSize>
					<BOOTContigFileOrder STRING="0123456789ABC"></BOOTContigFileOrder>
					<BOOTAbsoluteFileOrder STRING=""></BOOTAbsoluteFileOrder>
					<BOOTContigBlockCluster BIN="D 57 E 0 0 0 0 0 "></BOOTContigBlockCluster>
					<MFUD INT="100"></MFUD>
					<AutoGoesToInner INT="0"></AutoGoesToInner>
					<HPOnly INT="0"></HPOnly>
					<ArchiveOnly INT="0"></ArchiveOnly>
					<EnableBootDefrag INT="0"></EnableBootDefrag>
				</VolD>
				<VolE>
					<HP>
						<Type INT="0"></Type>
						<Days INT="50"></Days>
						<UseFastArc INT="2"></UseFastArc>
						<UseExt INT="0"></UseExt>
						<FM INT="0"></FM>
						<SortType INT="0"></SortType>
						<SortDirection INT="1"></SortDirection>
						<Fragmentibility INT="0"></Fragmentibility>
					</HP>
					<Arc>
						<Type INT="0"></Type>
						<Days INT="50"></Days>
						<UseFastArc INT="2"></UseFastArc>
						<UseExt INT="0"></UseExt>
						<FM INT="0"></FM>
						<SortType INT="0"></SortType>
						<SortDirection INT="1"></SortDirection>
					</Arc>
					<Exc>
						<Type INT="0"></Type>
						<Days INT="5"></Days>
					</Exc>
					<Excl>
						<UseExt INT="0"></UseExt>
						<SizeGB INT="0"></SizeGB>
					</Excl>
					<RespectLayoutINI INT="0"></RespectLayoutINI>
					<VeryFastConsolidate INT="1"></VeryFastConsolidate>
					<VeryFastAuto INT="1"></VeryFastAuto>
					<Fragmentibility INT="0"></Fragmentibility>
					<FragmentibilityAuto INT="0"></FragmentibilityAuto>
					<Type INT="0"></Type>
					<Mode INT="0"></Mode>
					<RespectHP INT="0"></RespectHP>
					<RespectArc INT="0"></RespectArc>
					<PutDirsMFT INT="0"></PutDirsMFT>
					<LastMethod INT="1"></LastMethod>
					<LastDefragTime INT="1459247040"></LastDefragTime>
					<BOOTMFTReservedSize BIN="0 A 5 0 0 0 0 0 "></BOOTMFTReservedSize>
					<BOOTContigFileOrder STRING="0123456789ABC"></BOOTContigFileOrder>
					<BOOTAbsoluteFileOrder STRING=""></BOOTAbsoluteFileOrder>
					<BOOTContigBlockCluster BIN="D 0 14 0 0 0 0 0 "></BOOTContigBlockCluster>
					<MFUD INT="100"></MFUD>
					<AutoGoesToInner INT="0"></AutoGoesToInner>
					<HPOnly INT="0"></HPOnly>
					<ArchiveOnly INT="0"></ArchiveOnly>
					<EnableBootDefrag INT="0"></EnableBootDefrag>
				</VolE>
				<VolF>
					<HP>
						<Type INT="0"></Type>
						<Days INT="50"></Days>
						<UseFastArc INT="2"></UseFastArc>
						<UseExt INT="0"></UseExt>
						<FM INT="0"></FM>
						<SortType INT="0"></SortType>
						<SortDirection INT="1"></SortDirection>
						<Fragmentibility INT="0"></Fragmentibility>
					</HP>
					<Arc>
						<Type INT="0"></Type>
						<Days INT="50"></Days>
						<UseFastArc INT="2"></UseFastArc>
						<UseExt INT="0"></UseExt>
						<FM INT="0"></FM>
						<SortType INT="0"></SortType>
						<SortDirection INT="1"></SortDirection>
					</Arc>
					<Exc>
						<Type INT="0"></Type>
						<Days INT="5"></Days>
					</Exc>
					<Excl>
						<UseExt INT="0"></UseExt>
						<SizeGB INT="-1"></SizeGB>
					</Excl>
					<RespectLayoutINI INT="0"></RespectLayoutINI>
					<VeryFastConsolidate INT="1"></VeryFastConsolidate>
					<VeryFastAuto INT="1"></VeryFastAuto>
					<Fragmentibility INT="0"></Fragmentibility>
					<FragmentibilityAuto INT="0"></FragmentibilityAuto>
					<Type INT="0"></Type>
					<Mode INT="0"></Mode>
					<RespectHP INT="0"></RespectHP>
					<RespectArc INT="0"></RespectArc>
					<PutDirsMFT INT="0"></PutDirsMFT>
					<LastMethod INT="3"></LastMethod>
					<LastDefragTime INT="1459247626"></LastDefragTime>
					<BOOTMFTReservedSize BIN="0 0 3 0 0 0 0 0 "></BOOTMFTReservedSize>
					<BOOTContigFileOrder STRING="0123456BC"></BOOTContigFileOrder>
					<BOOTAbsoluteFileOrder STRING=""></BOOTAbsoluteFileOrder>
					<BOOTContigBlockCluster BIN="0 0 0 0 0 0 0 0 "></BOOTContigBlockCluster>
					<MFUD INT="100"></MFUD>
					<AutoGoesToInner INT="0"></AutoGoesToInner>
					<HPOnly INT="0"></HPOnly>
					<ArchiveOnly INT="0"></ArchiveOnly>
					<EnableBootDefrag INT="0"></EnableBootDefrag>
				</VolF>
				<VolH>
					<HP>
						<Type INT="0"></Type>
						<Days INT="50"></Days>
						<UseFastArc INT="2"></UseFastArc>
						<UseExt INT="0"></UseExt>
						<FM INT="0"></FM>
						<SortType INT="0"></SortType>
						<SortDirection INT="1"></SortDirection>
						<Fragmentibility INT="0"></Fragmentibility>
					</HP>
					<Arc>
						<Type INT="0"></Type>
						<Days INT="50"></Days>
						<UseFastArc INT="2"></UseFastArc>
						<UseExt INT="0"></UseExt>
						<FM INT="0"></FM>
						<SortType INT="0"></SortType>
						<SortDirection INT="1"></SortDirection>
					</Arc>
					<Exc>
						<Type INT="0"></Type>
						<Days INT="5"></Days>
					</Exc>
					<Excl>
						<UseExt INT="0"></UseExt>
						<SizeGB INT="0"></SizeGB>
					</Excl>
					<RespectLayoutINI INT="0"></RespectLayoutINI>
					<VeryFastConsolidate INT="1"></VeryFastConsolidate>
					<VeryFastAuto INT="1"></VeryFastAuto>
					<Fragmentibility INT="0"></Fragmentibility>
					<FragmentibilityAuto INT="0"></FragmentibilityAuto>
					<Type INT="0"></Type>
					<Mode INT="0"></Mode>
					<RespectHP INT="0"></RespectHP>
					<RespectArc INT="0"></RespectArc>
					<PutDirsMFT INT="0"></PutDirsMFT>
					<LastMethod INT="3"></LastMethod>
					<LastDefragTime INT="1459257522"></LastDefragTime>
					<BOOTMFTReservedSize BIN="FF FF FF FF FF FF FF FF "></BOOTMFTReservedSize>
					<BOOTContigFileOrder STRING=""></BOOTContigFileOrder>
					<BOOTAbsoluteFileOrder STRING=""></BOOTAbsoluteFileOrder>
					<BOOTContigBlockCluster BIN="0 0 0 0 0 0 0 0 "></BOOTContigBlockCluster>
					<MFUD INT="100"></MFUD>
					<AutoGoesToInner INT="0"></AutoGoesToInner>
					<HPOnly INT="0"></HPOnly>
					<ArchiveOnly INT="0"></ArchiveOnly>
					<EnableBootDefrag INT="0"></EnableBootDefrag>
				</VolH>
				<VolI>
					<HP>
						<Type INT="0"></Type>
						<Days INT="50"></Days>
						<UseFastArc INT="2"></UseFastArc>
						<UseExt INT="0"></UseExt>
						<FM INT="0"></FM>
						<SortType INT="0"></SortType>
						<SortDirection INT="1"></SortDirection>
						<Fragmentibility INT="0"></Fragmentibility>
					</HP>
					<Arc>
						<Type INT="0"></Type>
						<Days INT="50"></Days>
						<UseFastArc INT="2"></UseFastArc>
						<UseExt INT="0"></UseExt>
						<FM INT="0"></FM>
						<SortType INT="0"></SortType>
						<SortDirection INT="1"></SortDirection>
					</Arc>
					<Exc>
						<Type INT="0"></Type>
						<Days INT="5"></Days>
					</Exc>
					<Excl>
						<UseExt INT="0"></UseExt>
						<SizeGB INT="0"></SizeGB>
					</Excl>
					<RespectLayoutINI INT="0"></RespectLayoutINI>
					<VeryFastConsolidate INT="1"></VeryFastConsolidate>
					<VeryFastAuto INT="1"></VeryFastAuto>
					<Fragmentibility INT="0"></Fragmentibility>
					<FragmentibilityAuto INT="0"></FragmentibilityAuto>
					<Type INT="0"></Type>
					<Mode INT="0"></Mode>
					<RespectHP INT="0"></RespectHP>
					<RespectArc INT="0"></RespectArc>
					<PutDirsMFT INT="0"></PutDirsMFT>
					<LastMethod INT="3"></LastMethod>
					<LastDefragTime INT="0"></LastDefragTime>
					<BOOTMFTReservedSize BIN="FF FF FF FF FF FF FF FF "></BOOTMFTReservedSize>
					<BOOTContigFileOrder STRING=""></BOOTContigFileOrder>
					<BOOTAbsoluteFileOrder STRING=""></BOOTAbsoluteFileOrder>
					<BOOTContigBlockCluster BIN="0 0 0 0 0 0 0 0 "></BOOTContigBlockCluster>
					<MFUD INT="100"></MFUD>
					<AutoGoesToInner INT="0"></AutoGoesToInner>
					<HPOnly INT="0"></HPOnly>
					<ArchiveOnly INT="0"></ArchiveOnly>
					<EnableBootDefrag INT="0"></EnableBootDefrag>
				</VolI>
				<VolJ>
					<HP>
						<Type INT="0"></Type>
						<Days INT="50"></Days>
						<UseFastArc INT="2"></UseFastArc>
						<UseExt INT="0"></UseExt>
						<FM INT="0"></FM>
						<SortType INT="0"></SortType>
						<SortDirection INT="1"></SortDirection>
						<Fragmentibility INT="0"></Fragmentibility>
					</HP>
					<Arc>
						<Type INT="0"></Type>
						<Days INT="50"></Days>
						<UseFastArc INT="2"></UseFastArc>
						<UseExt INT="0"></UseExt>
						<FM INT="0"></FM>
						<SortType INT="0"></SortType>
						<SortDirection INT="1"></SortDirection>
					</Arc>
					<Exc>
						<Type INT="0"></Type>
						<Days INT="5"></Days>
					</Exc>
					<Excl>
						<UseExt INT="0"></UseExt>
						<SizeGB INT="0"></SizeGB>
					</Excl>
					<RespectLayoutINI INT="0"></RespectLayoutINI>
					<VeryFastConsolidate INT="1"></VeryFastConsolidate>
					<VeryFastAuto INT="1"></VeryFastAuto>
					<Fragmentibility INT="0"></Fragmentibility>
					<FragmentibilityAuto INT="0"></FragmentibilityAuto>
					<Type INT="0"></Type>
					<Mode INT="0"></Mode>
					<RespectHP INT="0"></RespectHP>
					<RespectArc INT="0"></RespectArc>
					<PutDirsMFT INT="0"></PutDirsMFT>
					<LastMethod INT="3"></LastMethod>
					<LastDefragTime INT="1459248981"></LastDefragTime>
					<BOOTMFTReservedSize BIN="FF FF FF FF FF FF FF FF "></BOOTMFTReservedSize>
					<BOOTContigFileOrder STRING=""></BOOTContigFileOrder>
					<BOOTAbsoluteFileOrder STRING=""></BOOTAbsoluteFileOrder>
					<BOOTContigBlockCluster BIN="0 0 0 0 0 0 0 0 "></BOOTContigBlockCluster>
					<MFUD INT="100"></MFUD>
					<AutoGoesToInner INT="0"></AutoGoesToInner>
					<HPOnly INT="0"></HPOnly>
					<ArchiveOnly INT="0"></ArchiveOnly>
					<EnableBootDefrag INT="0"></EnableBootDefrag>
				</VolJ>
				<VolK>
					<HP>
						<Type INT="0"></Type>
						<Days INT="50"></Days>
						<UseFastArc INT="2"></UseFastArc>
						<UseExt INT="0"></UseExt>
						<FM INT="0"></FM>
						<SortType INT="0"></SortType>
						<SortDirection INT="1"></SortDirection>
						<Fragmentibility INT="0"></Fragmentibility>
					</HP>
					<Arc>
						<Type INT="0"></Type>
						<Days INT="50"></Days>
						<UseFastArc INT="2"></UseFastArc>
						<UseExt INT="0"></UseExt>
						<FM INT="0"></FM>
						<SortType INT="0"></SortType>
						<SortDirection INT="1"></SortDirection>
					</Arc>
					<Exc>
						<Type INT="0"></Type>
						<Days INT="5"></Days>
					</Exc>
					<Excl>
						<UseExt INT="0"></UseExt>
						<SizeGB INT="0"></SizeGB>
					</Excl>
					<RespectLayoutINI INT="0"></RespectLayoutINI>
					<VeryFastConsolidate INT="1"></VeryFastConsolidate>
					<VeryFastAuto INT="1"></VeryFastAuto>
					<Fragmentibility INT="0"></Fragmentibility>
					<FragmentibilityAuto INT="0"></FragmentibilityAuto>
					<Type INT="0"></Type>
					<Mode INT="0"></Mode>
					<RespectHP INT="0"></RespectHP>
					<RespectArc INT="0"></RespectArc>
					<PutDirsMFT INT="0"></PutDirsMFT>
					<LastMethod INT="1"></LastMethod>
					<LastDefragTime INT="0"></LastDefragTime>
					<BOOTMFTReservedSize BIN="FF FF FF FF FF FF FF FF "></BOOTMFTReservedSize>
					<BOOTContigFileOrder STRING=""></BOOTContigFileOrder>
					<BOOTAbsoluteFileOrder STRING=""></BOOTAbsoluteFileOrder>
					<BOOTContigBlockCluster BIN="0 0 0 0 0 0 0 0 "></BOOTContigBlockCluster>
					<MFUD INT="100"></MFUD>
					<AutoGoesToInner INT="0"></AutoGoesToInner>
					<HPOnly INT="0"></HPOnly>
					<ArchiveOnly INT="0"></ArchiveOnly>
					<EnableBootDefrag INT="0"></EnableBootDefrag>
				</VolK>
				<VolL>
					<HP>
						<Type INT="0"></Type>
						<Days INT="50"></Days>
						<UseFastArc INT="2"></UseFastArc>
						<UseExt INT="0"></UseExt>
						<FM INT="0"></FM>
						<SortType INT="0"></SortType>
						<SortDirection INT="1"></SortDirection>
						<Fragmentibility INT="0"></Fragmentibility>
					</HP>
					<Arc>
						<Type INT="0"></Type>
						<Days INT="50"></Days>
						<UseFastArc INT="2"></UseFastArc>
						<UseExt INT="0"></UseExt>
						<FM INT="0"></FM>
						<SortType INT="0"></SortType>
						<SortDirection INT="1"></SortDirection>
					</Arc>
					<Exc>
						<Type INT="0"></Type>
						<Days INT="5"></Days>
					</Exc>
					<Excl>
						<UseExt INT="0"></UseExt>
						<SizeGB INT="0"></SizeGB>
					</Excl>
					<RespectLayoutINI INT="0"></RespectLayoutINI>
					<VeryFastConsolidate INT="1"></VeryFastConsolidate>
					<VeryFastAuto INT="1"></VeryFastAuto>
					<Fragmentibility INT="0"></Fragmentibility>
					<FragmentibilityAuto INT="0"></FragmentibilityAuto>
					<Type INT="0"></Type>
					<Mode INT="0"></Mode>
					<RespectHP INT="0"></RespectHP>
					<RespectArc INT="0"></RespectArc>
					<PutDirsMFT INT="0"></PutDirsMFT>
					<LastMethod INT="3"></LastMethod>
					<LastDefragTime INT="0"></LastDefragTime>
					<BOOTMFTReservedSize BIN="FF FF FF FF FF FF FF FF "></BOOTMFTReservedSize>
					<BOOTContigFileOrder STRING=""></BOOTContigFileOrder>
					<BOOTAbsoluteFileOrder STRING=""></BOOTAbsoluteFileOrder>
					<BOOTContigBlockCluster BIN="0 0 0 0 0 0 0 0 "></BOOTContigBlockCluster>
					<MFUD INT="100"></MFUD>
					<AutoGoesToInner INT="0"></AutoGoesToInner>
					<HPOnly INT="0"></HPOnly>
					<ArchiveOnly INT="0"></ArchiveOnly>
					<EnableBootDefrag INT="0"></EnableBootDefrag>
				</VolL>
				<VolM>
					<HP>
						<Type INT="0"></Type>
						<Days INT="50"></Days>
						<UseFastArc INT="2"></UseFastArc>
						<UseExt INT="0"></UseExt>
						<FM INT="0"></FM>
						<SortType INT="0"></SortType>
						<SortDirection INT="1"></SortDirection>
						<Fragmentibility INT="0"></Fragmentibility>
					</HP>
					<Arc>
						<Type INT="0"></Type>
						<Days INT="50"></Days>
						<UseFastArc INT="2"></UseFastArc>
						<UseExt INT="0"></UseExt>
						<FM INT="0"></FM>
						<SortType INT="0"></SortType>
						<SortDirection INT="1"></SortDirection>
					</Arc>
					<Exc>
						<Type INT="0"></Type>
						<Days INT="5"></Days>
					</Exc>
					<Excl>
						<UseExt INT="0"></UseExt>
						<SizeGB INT="0"></SizeGB>
					</Excl>
					<RespectLayoutINI INT="0"></RespectLayoutINI>
					<VeryFastConsolidate INT="1"></VeryFastConsolidate>
					<VeryFastAuto INT="1"></VeryFastAuto>
					<Fragmentibility INT="0"></Fragmentibility>
					<FragmentibilityAuto INT="0"></FragmentibilityAuto>
					<Type INT="0"></Type>
					<Mode INT="0"></Mode>
					<RespectHP INT="0"></RespectHP>
					<RespectArc INT="0"></RespectArc>
					<PutDirsMFT INT="0"></PutDirsMFT>
					<LastMethod INT="3"></LastMethod>
					<LastDefragTime INT="0"></LastDefragTime>
					<BOOTMFTReservedSize BIN="FF FF FF FF FF FF FF FF "></BOOTMFTReservedSize>
					<BOOTContigFileOrder STRING=""></BOOTContigFileOrder>
					<BOOTAbsoluteFileOrder STRING=""></BOOTAbsoluteFileOrder>
					<BOOTContigBlockCluster BIN="0 0 0 0 0 0 0 0 "></BOOTContigBlockCluster>
					<MFUD INT="100"></MFUD>
					<AutoGoesToInner INT="0"></AutoGoesToInner>
					<HPOnly INT="0"></HPOnly>
					<ArchiveOnly INT="0"></ArchiveOnly>
					<EnableBootDefrag INT="0"></EnableBootDefrag>
				</VolM>
				<VolN>
					<HP>
						<Type INT="0"></Type>
						<Days INT="50"></Days>
						<UseFastArc INT="2"></UseFastArc>
						<UseExt INT="0"></UseExt>
						<FM INT="0"></FM>
						<SortType INT="0"></SortType>
						<SortDirection INT="1"></SortDirection>
						<Fragmentibility INT="0"></Fragmentibility>
					</HP>
					<Arc>
						<Type INT="0"></Type>
						<Days INT="50"></Days>
						<UseFastArc INT="2"></UseFastArc>
						<UseExt INT="0"></UseExt>
						<FM INT="0"></FM>
						<SortType INT="0"></SortType>
						<SortDirection INT="1"></SortDirection>
					</Arc>
					<Exc>
						<Type INT="0"></Type>
						<Days INT="5"></Days>
					</Exc>
					<Excl>
						<UseExt INT="0"></UseExt>
						<SizeGB INT="0"></SizeGB>
					</Excl>
					<RespectLayoutINI INT="0"></RespectLayoutINI>
					<VeryFastConsolidate INT="1"></VeryFastConsolidate>
					<VeryFastAuto INT="1"></VeryFastAuto>
					<Fragmentibility INT="0"></Fragmentibility>
					<FragmentibilityAuto INT="0"></FragmentibilityAuto>
					<Type INT="0"></Type>
					<Mode INT="0"></Mode>
					<RespectHP INT="0"></RespectHP>
					<RespectArc INT="0"></RespectArc>
					<PutDirsMFT INT="0"></PutDirsMFT>
					<LastMethod INT="3"></LastMethod>
					<LastDefragTime INT="0"></LastDefragTime>
					<BOOTMFTReservedSize BIN="FF FF FF FF FF FF FF FF "></BOOTMFTReservedSize>
					<BOOTContigFileOrder STRING=""></BOOTContigFileOrder>
					<BOOTAbsoluteFileOrder STRING=""></BOOTAbsoluteFileOrder>
					<BOOTContigBlockCluster BIN="0 0 0 0 0 0 0 0 "></BOOTContigBlockCluster>
					<MFUD INT="100"></MFUD>
					<AutoGoesToInner INT="0"></AutoGoesToInner>
					<HPOnly INT="0"></HPOnly>
					<ArchiveOnly INT="0"></ArchiveOnly>
					<EnableBootDefrag INT="0"></EnableBootDefrag>
				</VolN>
				<VolG>
					<HP>
						<Type INT="0"></Type>
						<Days INT="50"></Days>
						<UseFastArc INT="2"></UseFastArc>
						<UseExt INT="0"></UseExt>
						<FM INT="0"></FM>
						<SortType INT="0"></SortType>
						<SortDirection INT="1"></SortDirection>
						<Fragmentibility INT="0"></Fragmentibility>
					</HP>
					<Arc>
						<Type INT="0"></Type>
						<Days INT="50"></Days>
						<UseFastArc INT="2"></UseFastArc>
						<UseExt INT="0"></UseExt>
						<FM INT="0"></FM>
						<SortType INT="0"></SortType>
						<SortDirection INT="1"></SortDirection>
					</Arc>
					<Exc>
						<Type INT="0"></Type>
						<Days INT="5"></Days>
					</Exc>
					<Excl>
						<UseExt INT="0"></UseExt>
						<SizeGB INT="0"></SizeGB>
					</Excl>
					<RespectLayoutINI INT="0"></RespectLayoutINI>
					<VeryFastConsolidate INT="1"></VeryFastConsolidate>
					<VeryFastAuto INT="1"></VeryFastAuto>
					<Fragmentibility INT="0"></Fragmentibility>
					<FragmentibilityAuto INT="0"></FragmentibilityAuto>
					<Type INT="0"></Type>
					<Mode INT="0"></Mode>
					<RespectHP INT="0"></RespectHP>
					<RespectArc INT="0"></RespectArc>
					<PutDirsMFT INT="0"></PutDirsMFT>
					<LastMethod INT="3"></LastMethod>
					<LastDefragTime INT="1459256742"></LastDefragTime>
					<BOOTMFTReservedSize BIN="FF FF FF FF FF FF FF FF "></BOOTMFTReservedSize>
					<BOOTContigFileOrder STRING=""></BOOTContigFileOrder>
					<BOOTAbsoluteFileOrder STRING=""></BOOTAbsoluteFileOrder>
					<BOOTContigBlockCluster BIN="0 0 0 0 0 0 0 0 "></BOOTContigBlockCluster>
					<MFUD INT="100"></MFUD>
					<AutoGoesToInner INT="0"></AutoGoesToInner>
					<HPOnly INT="0"></HPOnly>
					<ArchiveOnly INT="0"></ArchiveOnly>
					<EnableBootDefrag INT="0"></EnableBootDefrag>
				</VolG>
			</Volumes>
		</General>
		<AdvancedAskDefDefrag INT="0"></AdvancedAskDefDefrag>
	</Options>
	<View>
		<Zoom INT="2"></Zoom>
	</View>
	<WindowPosX INT="6"></WindowPosX>
	<WindowPosY INT="0"></WindowPosY>
</UI>