<?xml version="1.0" encoding="windows-1252"?>
<resource CompactMode="1" Language="English (United States)" LANGID="1033">
	<string id="9000" value="Today"/>
	<string id="9001" value="None"/>
	<string id="9013" value="Confirm Delete\nDelete this &amp;occurrence.\nDelete the &amp;series.\nDo you want to delete all occurrences of the recurring event &quot;%s&quot;, or just this one?"/>
	<string id="9014" value="Open Recurring item\nOpen this &amp;occurrence.\nOpen the &amp;series.\n&quot;%s&quot; is a recurring appointment. Do you want to open only this occurrence or the series?"/>
	<string id="9015" value="From"/>
	<string id="9016" value="To"/>
	<string id="9017" value="Free"/>
	<string id="9018" value="Working Elsewhere"/>
	<string id="9019" value="Tentative"/>
	<string id="9020" value="Busy"/>
	<string id="9021" value="Out of Office"/>
	<string id="9022" value="First"/>
	<string id="9023" value="Second"/>
	<string id="9024" value="Third"/>
	<string id="9025" value="Fourth"/>
	<string id="9026" value="Last"/>
	<string id="9027" value="0 minutes"/>
	<string id="9028" value="1 minute"/>
	<string id="9029" value="5 minutes"/>
	<string id="9030" value="10 minutes"/>
	<string id="9031" value="15 minutes"/>
	<string id="9032" value="30 minutes"/>
	<string id="9033" value="1 hour"/>
	<string id="9034" value="2 hours"/>
	<string id="9035" value="3 hours"/>
	<string id="9036" value="4 hours"/>
	<string id="9037" value="5 hours"/>
	<string id="9038" value="6 hours"/>
	<string id="9039" value="7 hours"/>
	<string id="9040" value="8 hours"/>
	<string id="9041" value="9 hours"/>
	<string id="9042" value="10 hours"/>
	<string id="9043" value="11 hours"/>
	<string id="9044" value="18 hours"/>
	<string id="9045" value="0.5 days"/>
	<string id="9046" value="1 day"/>
	<string id="9047" value="2 days"/>
	<string id="9048" value="3 days"/>
	<string id="9049" value="1 week"/>
	<string id="9050" value="2 weeks"/>
	<string id="9051" value="minute(s)"/>
	<string id="9052" value="hour(s)"/>
	<string id="9053" value="day(s)"/>
	<string id="9054" value="week(s)"/>
	<string id="9055" value="min"/>
	<string id="9056" value="h"/>
	<string id="9057" value="d"/>
	<string id="9058" value="w"/>
	<string id="9059" value="Wrong value!"/>
	<string id="9060" value="Any exceptions associated with this recurring appointment will be lost. If any of the exceptions are meetings, the attendees will not be notified. Is this OK?"/>
	<string id="9061" value="Margins (millimeters)"/>
	<string id="9062" value="Margins (inches)"/>
	<string id="9063" value="None"/>
	<string id="9064" value="Important"/>
	<string id="9065" value="Business"/>
	<string id="9066" value="Personal"/>
	<string id="9067" value="Vacation"/>
	<string id="9068" value="Must Attend"/>
	<string id="9069" value="Travel Required"/>
	<string id="9070" value="Needs Preparation"/>
	<string id="9071" value="Birthday"/>
	<string id="9072" value="Anniversary"/>
	<string id="9073" value="Phone Call"/>
	<string id="9075" value="%d Reminders"/>
	<string id="9076" value="Subject"/>
	<string id="9077" value="Due In"/>
	<string id="9078" value="overdue"/>
	<string id="9079" value="0 reminders are selected"/>
	<string id="9080" value="There are no reminders to show."/>
	<string id="9081" value="Start time"/>
	<string id="9082" value="Please enter a value between %s and %s."/>
	<string id="9083" value="Categories"/>
	<string id="9085" value="TimeLine mode"/>
	<string id="9086" value="MultiColumn mode"/>
	<string id="9092" value="Day"/>
	<string id="9093" value="Week"/>
	<string id="9094" value="Month"/>
	<string id="9095" value="Show work week"/>
	<string id="9096" value="Show full week"/>
	<string id="9097" value="Click to add appointment"/>
	<string id="9098" value="Previous Appointment"/>
	<string id="9099" value="Next Appointment"/>
	<string id="9100" value="%s Category"/>
	<string id="9103" value="Restore Category list to default values?"/>
	<string id="9104" value="Restore Label list to default values?"/>
	<string id="9105" value="To assign categories to the currently selected event, use the checkboxes next to each category.  To edit a category, select the name and use the commands to the right."/>
	<string id="9106" value="Change the selection to assign a new label to the currently selected event.  Use the commands to the right to edit or create new labels."/>
	<string id="9107" value="Category Colors"/>
	<string id="9108" value="Label Colors"/>
	<string id="9109" value="Add New Label"/>
	<string id="9122" value="\n&amp;Add or Remove Buttons"/>
	<string id="9123" value="\n&amp;Reset Toolbar"/>
	<string id="9135" value="\nPencil"/>
	<string id="9136" value="\nFill Color"/>
	<string id="9137" value="\nPick Color"/>
	<string id="9138" value="\nLine"/>
	<string id="9139" value="\nRectangle"/>
	<string id="9140" value="\nEllipse"/>
	<string id="9141" value="\nCopy"/>
	<string id="9142" value="\nPaste"/>
	<string id="9143" value="\nClear"/>
	<string id="9144" value="\nUndo"/>
	<string id="9145" value="\nRedo"/>
	<string id="9146" value="\nImport from File"/>
	<string id="9148" value="\nToolbar Options"/>
	<string id="9149" value="\nClose"/>
	<string id="9150" value="\nExpand"/>
	<string id="9151" value="\nClose Window"/>
	<string id="9152" value="\nRestore Window"/>
	<string id="9153" value="\nMinimize Window"/>
	<string id="9155" value="\nMove to P&amp;revious Tab Group"/>
	<string id="9156" value="\nMove to Ne&amp;xt Tab Group"/>
	<string id="9157" value="\nNew Hori&amp;zontal Tab Group"/>
	<string id="9158" value="\nNew &amp;Vertical Tab Group"/>
	<string id="9159" value="\nC&amp;ancel"/>
	<string id="9160" value="Close"/>
	<string id="9161" value="Customize"/>
	<string id="9162" value="New Menu"/>
	<string id="9163" value="Custom %d"/>
	<string id="9164" value="The toolbar name cannot be blank. Type a name."/>
	<string id="9165" value="Sorry you have reached your limit."/>
	<string id="9166" value="A toolbar named '%s' already exists. Type another name."/>
	<string id="9167" value="Rename Toolbar"/>
	<string id="9168" value="Are you sure you want to delete the '%s' toolbar?"/>
	<string id="9169" value="All Commands"/>
	<string id="9170" value="This will delete the record of the commands you've used in this application and restore the default set of visible commands to the menus and toolbars.  It will not undo any explicit customizations.   Are you sure you want to do this?"/>
	<string id="9171" value="This is not a valid number."/>
	<string id="9172" value="The number must be between 1 and 1638."/>
	<string id="9173" value="Are you sure you want to reset the changes made to the '%s' toolbar?"/>
	<string id="9174" value="Built-in Menus"/>
	<string id="9175" value="Are you sure you want to reset the key assignments?  This action will remove all custom key assignments at the text level."/>
	<string id="9176" value="This shortcut is currently assigned.\nDo you want to re-assign this shortcut?"/>
	<string id="9177" value="Due to a software update the toolbar '%s' has changed. Would you like to reset your customized toolbar and load the new one?"/>
	<string id="9178" value="All Picture Files|*.bmp;*.wmf;*.emf;*.ico;*.dib;*.png;*.cur;*.gif;*.jpg|Bitmaps (*.bmp;*.dib;*.png;*.gif;*.jpg)|*.bmp;*.dib;*.png;*.gif;*.jpg|Metafiles (*.wmf;*.emf)|*.wmf;*.emf|Icons (*.ico;*.cur)|*.ico;*.cur|All Files (*.*)|*.*||"/>
	<string id="9179" value="(System default)"/>
	<string id="9180" value="Random"/>
	<string id="9181" value="Unfold"/>
	<string id="9182" value="Slide"/>
	<string id="9183" value="Fade"/>
	<string id="9184" value="None"/>
	<string id="9185" value="Active Files"/>
	<string id="9186" value="Customize Status Bar"/>
	<string id="9187" value="(%s) was pressed. Waiting for second key of chord..."/>
	<string id="9194" value="Print the previewed item\nPrint"/>
	<string id="9195" value="Go to the previous page\nPrevious Page"/>
	<string id="9196" value="Go to the next page\nNext Page"/>
	<string id="9197" value="Increase magnification of preview page\nZoom In"/>
	<string id="9198" value="Decrease magnification of preview page\nZoom Out"/>
	<string id="9201" value="Close the preview\nClose Preview"/>
	<string id="9202" value="Whole Page"/>
	<string id="9203" value="Page Width"/>
	<string id="9204" value="Page %i"/>
	<string id="9205" value="Page %i of %i"/>
	<string id="9320" value="New"/>
	<string id="9321" value="Delete"/>
	<string id="9322" value="Move Up"/>
	<string id="9323" value="Move Down"/>
	<string id="9325" value="Sort Ascending\nSort Ascending"/>
	<string id="9326" value="Sort Descending\nSort Descending"/>
	<string id="9327" value="Aligns the paragraph at the left margin\nAlign Left"/>
	<string id="9328" value="Centers the paragraph between the margins\nCenter"/>
	<string id="9329" value="Aligns the paragraph at the right margin\nAlign Right"/>
	<string id="9330" value="Show large icons\nLarge Icons"/>
	<string id="9331" value="Show small icons\nSmall Icons"/>
	<string id="9332" value="Remove from Outlook Bar"/>
	<string id="9333" value="Rename Shortcut"/>
	<string id="9334" value="Remove Group"/>
	<string id="9335" value="Rename Group"/>
	<string id="9336" value="Name"/>
	<string id="9337" value="Size"/>
	<string id="9338" value="Type"/>
	<string id="9339" value="Modified"/>
	<string id="9340" value="Automatic"/>
	<string id="9341" value="Customize..."/>
	<string id="9342" value="Select Directory:"/>
	<string id="9343" value="..."/>
	<string id="9344" value="*.*"/>
	<string id="9345" value="All Files (*.*)|*.*||"/>
	<string id="9346" value="Directory name:"/>
	<string id="9347" value="Click push pin to keep open"/>
	<string id="9348" value="Did you know..."/>
	<string id="9349" value="The specified file does not exist."/>
	<string id="9350" value="Error reading file."/>
	<string id="9351" value="Colors"/>
	<string id="9352" value="New"/>
	<string id="9353" value="Current"/>
	<string id="9354" value="Directories:"/>
	<string id="9355" value="Files:"/>
	<string id="9356" value="Hex"/>
	<string id="9357" value="The operating system is out of memory or resources."/>
	<string id="9358" value="The specified file was not found."/>
	<string id="9359" value="The specified path was not found."/>
	<string id="9360" value="The operating system denied access to the specified file."/>
	<string id="9361" value="There was not enough memory to complete the operation."/>
	<string id="9362" value="The .exe file is invalid (non-Win32� .exe or error in .exe image)."/>
	<string id="9363" value="A sharing violation occurred."/>
	<string id="9364" value="The file name association is incomplete or invalid."/>
	<string id="9365" value="The DDE transaction could not be completed because the request timed out."/>
	<string id="9366" value="The DDE transaction failed."/>
	<string id="9367" value="The DDE transaction could not be completed because other DDE transactions were being processed."/>
	<string id="9368" value="There is no application associated with the given file name extension."/>
	<string id="9369" value="The specified dynamic-link library was not found."/>
	<string id="9370" value="An unknown error number %d occured."/>
	<string id="9424" value="Standard Colors"/>
	<string id="9425" value="Tip text"/>
	<string id="9432" value="OK"/>
	<string id="9433" value="&amp;Yes"/>
	<string id="9434" value="&amp;No"/>
	<string id="9435" value="&amp;Retry"/>
	<string id="9436" value="Cancel"/>
	<string id="9437" value="&amp;Close"/>
	<string id="9438" value="Show &amp;Details"/>
	<string id="9439" value="Hide &amp;Details"/>
	<string id="9440" value="&amp;Apply"/>
	<string id="9441" value="Help"/>
	<string id="9443" value="Background 1"/>
	<string id="9444" value="Background 2"/>
	<string id="9445" value="Text 1"/>
	<string id="9446" value="Text 2"/>
	<string id="9447" value="Accent 1"/>
	<string id="9448" value="Accent 2"/>
	<string id="9449" value="Accent 3"/>
	<string id="9450" value="Accent 4"/>
	<string id="9451" value="Accent 5"/>
	<string id="9452" value="Accent 6"/>
	<string id="9453" value="Lighter"/>
	<string id="9454" value="Darker"/>
	<string id="9455" value="Theme Colors"/>
	<string id="9456" value="Recent Colors"/>
	<string id="9457" value="Tag: %s, Score: %d"/>
	<string id="9488" value="Auto Hide"/>
	<string id="9489" value="Close"/>
	<string id="9490" value="Maximize"/>
	<string id="9491" value="Restore"/>
	<string id="9492" value="Menu"/>
	<string id="9493" value="Active Tool Windows"/>
	<string id="9494" value="Active Files"/>
	<string id="9501" value="Categorized"/>
	<string id="9502" value="Alphabetical"/>
	<string id="9503" value="True\nFalse"/>
	<string id="9556" value="Drag a column header here to group by that column."/>
	<string id="9557" value="There are no items to show."/>
	<string id="9558" value="(no fields available)"/>
	<string id="9559" value="Sort by:"/>
	<string id="9561" value="Margins (millimeters)"/>
	<string id="9562" value="Margins (inches)"/>
	<string id="9563" value="Enter filter text here"/>
	<string id="9564" value="/Increasing"/>
	<string id="9565" value="/Decreasing"/>
	<string id="9566" value="Expand"/>
	<string id="9567" value="Collapse"/>
	<string id="9603" value="\nCustomize Quick Access Toolbar"/>
	<string id="9611" value="\nMore controls"/>
	<string id="9615" value="Are you sure you want to restore the Quick Access Toolbar to its default contents?"/>
	<string id="9623" value="Main Tabs"/>
	<string id="9624" value="New Tab (Custom)"/>
	<string id="9625" value="New Group (Custom)"/>
	<string id="9626" value="Delete all Ribbon and Quick Access Toolbar customization for this program?"/>
	<string id="9651" value="Show &amp;More Buttons"/>
	<string id="9652" value="Show &amp;Fewer Buttons"/>
	<string id="9653" value="Configure buttons"/>
	<string id="9654" value="Navigation Pane"/>
	<string id="9711" value="Edit Options"/>
	<string id="9714" value="Undefined command"/>
	<string id="9715" value="Multiple operations"/>
	<string id="9716" value="Delete: "/>
	<string id="9717" value="Insert: "/>
	<string id="9718" value="Typing"/>
	<string id="9719" value="Paste"/>
	<string id="9720" value="Move"/>
	<string id="9721" value="Copy"/>
	<string id="9722" value="Indentation"/>
	<string id="9723" value="Decrease Indent"/>
	<string id="9724" value="Format"/>
	<string id="9725" value="Tabify"/>
	<string id="9726" value="Untabify"/>
	<string id="9727" value="Replace all"/>
	<string id="9728" value="Change selection case"/>
	<string id="9729" value="Delete text block"/>
	<string id="9730" value="&amp;Move Here"/>
	<string id="9731" value="&amp;Copy Here"/>
	<string id="9732" value="C&amp;ancel"/>
	<string id="9740" value="Custom"/>
	<string id="9741" value="Regular"/>
	<string id="9742" value="Bold"/>
	<string id="9743" value="Italic"/>
	<string id="9744" value="Bold Italic"/>
	<string id="9746" value="&amp;Line number (1 - %d):"/>
	<string id="9747" value="Open Schema File"/>
	<string id="9748" value="Do you wish to close the &quot;Options Dialog&quot; and open the schema file &quot;%s%s&quot; in the editor window?"/>
	<string id="9749" value="File '%s' is modified by outside source!\nDo you want to reload?"/>
	<string id="9750" value="%d match found and replaced!"/>
	<string id="9751" value="Finished searching!"/>
	<string id="9800" value="Scroll Left"/>
	<string id="9801" value="Scroll Right"/>
	<string id="9802" value="Close"/>
	<string id="9803" value="Scroll Up"/>
	<string id="9804" value="Scroll Down"/>
	<string id="9900" value="Black"/>
	<string id="9901" value="Brown"/>
	<string id="9902" value="Olive Green"/>
	<string id="9903" value="Dark Green"/>
	<string id="9904" value="Dark Teal"/>
	<string id="9905" value="Dark Blue"/>
	<string id="9906" value="Indigo"/>
	<string id="9907" value="Gray-80%"/>
	<string id="9908" value="Dark Red"/>
	<string id="9909" value="Orange"/>
	<string id="9910" value="Dark Yellow"/>
	<string id="9911" value="Green"/>
	<string id="9912" value="Teal"/>
	<string id="9913" value="Blue"/>
	<string id="9914" value="Blue-Gray"/>
	<string id="9915" value="Gray-50%"/>
	<string id="9916" value="Red"/>
	<string id="9917" value="Light Orange"/>
	<string id="9918" value="Lime"/>
	<string id="9919" value="Sea Green"/>
	<string id="9920" value="Aqua"/>
	<string id="9921" value="Light Blue"/>
	<string id="9922" value="Violet"/>
	<string id="9923" value="Gray-40%"/>
	<string id="9924" value="Pink"/>
	<string id="9925" value="Gold"/>
	<string id="9926" value="Yellow"/>
	<string id="9927" value="Bright Green"/>
	<string id="9928" value="Turquoise"/>
	<string id="9929" value="Sky Blue"/>
	<string id="9930" value="Plum"/>
	<string id="9931" value="Gray-25%"/>
	<string id="9932" value="Rose"/>
	<string id="9933" value="Tan"/>
	<string id="9934" value="Light Yellow"/>
	<string id="9935" value="Light Green"/>
	<string id="9936" value="Light Turquoise"/>
	<string id="9937" value="Pale Blue"/>
	<string id="9938" value="Lavender"/>
	<string id="9939" value="White"/>
	<string id="9940" value="Gray"/>
	<string id="9941" value="Maroon"/>
	<string id="9942" value="Olive"/>
	<string id="9943" value="Navy"/>
	<string id="9944" value="Purple"/>
	<string id="9945" value="Silver"/>
	<string id="9946" value="Fuchsia"/>
	<string id="9947" value="No Fill\nNo Fill"/>
	<string id="9948" value="Automatic Color\nAutomatic Color"/>
	<string id="9949" value="More Colors..."/>
	<string id="9974" value="One Page"/>
	<string id="9975" value="Two Page"/>
	<string id="9978" value="Page %u\nPages %u-%u"/>
	<string id="35001" value="Customize application appearance, toolbars, and menus\n&amp;Customize..."/>
	<string id="35200" value="Arabic (Saudi Arabia)"/>
	<string id="35201" value="Bulgarian"/>
	<string id="35202" value="Chinese (PRC)"/>
	<string id="35203" value="Chinese (Taiwan)"/>
	<string id="35204" value="Croatian"/>
	<string id="35205" value="Czech"/>
	<string id="35206" value="Danish"/>
	<string id="35207" value="Dutch"/>
	<string id="35208" value="English (United States)"/>
	<string id="35209" value="Estonian"/>
	<string id="35210" value="Finnish"/>
	<string id="35211" value="French (France)"/>
	<string id="35212" value="German (Germany)"/>
	<string id="35213" value="Greek"/>
	<string id="35214" value="Hebrew"/>
	<string id="35215" value="Hungarian"/>
	<string id="35216" value="Italian (Italy)"/>
	<string id="35217" value="Japanese"/>
	<string id="35218" value="Korean"/>
	<string id="35219" value="Latvian"/>
	<string id="35220" value="Lithuanian"/>
	<string id="35221" value="Norwegian (Bokmal)"/>
	<string id="35222" value="Polish"/>
	<string id="35223" value="Portuguese (Portugal)"/>
	<string id="35224" value="Portuguese (Brazil)"/>
	<string id="35225" value="Romanian"/>
	<string id="35226" value="Russian"/>
	<string id="35227" value="Serbian"/>
	<string id="35228" value="Slovak"/>
	<string id="35229" value="Slovenian"/>
	<string id="35230" value="Spanish (Spain - Modern Sort)"/>
	<string id="35231" value="Swedish"/>
	<string id="35232" value="Thai"/>
	<string id="35233" value="Turkish"/>
	<string id="35234" value="Ukrainian"/>
	<menu id="9121">
		<menuitem caption="Customize">
			<menuitem id="9123" caption="&amp;Reset"/>
			<menuitem id="9124" caption="&amp;Delete"/>
			<menuitem/>
			<menuitem id="9125" caption="&amp;Name:"/>
			<menuitem/>
			<menuitem id="9126" caption="&amp;Copy Button Image"/>
			<menuitem id="9127" caption="&amp;Paste Button Image"/>
			<menuitem id="9128" caption="Re&amp;set Button Image"/>
			<menuitem id="9129" caption="&amp;Edit Button Image..."/>
			<menuitem id="9130" caption="Change &amp;Button Image"/>
			<menuitem/>
			<menuitem id="9131" caption="Defa&amp;ult Style"/>
			<menuitem id="9133" caption="&amp;Text Only"/>
			<menuitem id="9132" caption="Image &amp;and Text"/>
			<menuitem/>
			<menuitem id="9134" caption="Begin a &amp;Group"/>
		</menuitem>
	</menu>
	<menu id="9317">
		<menuitem caption="RClickOutlookBar">
			<menuitem id="9331" caption="S&amp;mall Icons"/>
			<menuitem id="9330" caption="Lar&amp;ge Icons"/>
		</menuitem>
		<menuitem caption="RClickHexEdit">
			<menuitem id="57643" caption="&amp;Undo"/>
			<menuitem/>
			<menuitem id="57635" caption="Cu&amp;t"/>
			<menuitem id="57634" caption="&amp;Copy"/>
			<menuitem id="57637" caption="&amp;Paste"/>
			<menuitem id="57632" caption="&amp;Delete"/>
			<menuitem/>
			<menuitem id="57642" caption="Select &amp;All"/>
		</menuitem>
		<menuitem caption="RClickHeader">
			<menuitem id="9325" caption="Sort Ascending"/>
			<menuitem id="9326" caption="Sort Descending"/>
			<menuitem/>
			<menuitem caption="Alignment">
				<menuitem id="9327" caption="Align Left"/>
				<menuitem id="9328" caption="Align Center"/>
				<menuitem id="9329" caption="Align Right"/>
			</menuitem>
		</menuitem>
	</menu>
	<menu id="9601">
		<menuitem caption="Quick Access">
			<menuitem id="9614" caption="&amp;Customize Quick Access Toolbar"/>
			<menuitem id="9613" caption="[Commands]"/>
			<menuitem/>
			<menuitem id="9616" caption="&amp;More Commands..."/>
			<menuitem id="9617" caption="&amp;Show Below the Ribbon"/>
			<menuitem id="9618" caption="&amp;Show Above the Ribbon"/>
			<menuitem/>
			<menuitem id="9612" caption="Mi&amp;nimize the Ribbon"/>
		</menuitem>
	</menu>
	<menu id="9602">
		<menuitem caption="Quick Access">
			<menuitem id="9605" caption="&amp;Remove from Quick Access Toolbar"/>
			<menuitem id="9606" caption="&amp;Add to Quick Access Toolbar"/>
			<menuitem/>
			<menuitem id="9607" caption="&amp;Customize Quick Access Toolbar..."/>
			<menuitem id="9608" caption="&amp;Show Quick Access Toolbar Below the Ribbon"/>
			<menuitem id="9610" caption="&amp;Show Quick Access Toolbar Above the Ribbon"/>
			<menuitem/>
			<menuitem id="9612" caption="Mi&amp;nimize the Ribbon"/>
		</menuitem>
	</menu>
	<menu id="9628">
		<menuitem caption="Import and Export">
			<menuitem id="9629" caption="Import customization file"/>
			<menuitem id="9630" caption="Export all customizations"/>
		</menuitem>
	</menu>
	<menu id="9977">
		<menuitem caption="HF">
			<menuitem id="101" caption="&amp;&amp;d   Short date format"/>
			<menuitem id="102" caption="&amp;&amp;D   Long date format"/>
			<menuitem/>
			<menuitem id="103" caption="&amp;&amp;t   Time"/>
			<menuitem id="104" caption="&amp;&amp;T   Time (24 hour)"/>
			<menuitem/>
			<menuitem id="105" caption="&amp;&amp;p   Page Number"/>
			<menuitem id="106" caption="&amp;&amp;P   Number of Pages"/>
			<menuitem/>
			<menuitem id="108" caption="&amp;&amp;b   Left Alignment &amp;&amp;b Center Alignment &amp;&amp;b Right Alignment"/>
			<menuitem/>
			<menuitem id="109" caption="&amp;&amp;w   Window Title"/>
			<menuitem id="110" caption="&amp;&amp;&amp;&amp;  Ampersand (&amp;&amp;)"/>
			<menuitem id="111" caption="\\n   New Line"/>
		</menuitem>
	</menu>
	<dialog id="9084" fontface="MS Shell Dlg" style="-2134376248" position="0, 0, 175, 90">
		<control id="103" style="1342177283" position="9, 8, 20, 20"/>
		<control id="100" position="43, 6, 120, 27"/>
		<control id="101" class="BUTTON" style="1342177289" position="43, 39, 125, 10"/>
		<control id="102" class="BUTTON" style="1342177289" position="43, 51, 127, 10"/>
		<control id="1" class="BUTTON" caption="OK" style="1342242817" position="35, 69, 50, 14"/>
		<control id="2" class="BUTTON" caption="Cancel" style="1342242816" position="91, 69, 50, 14"/>
	</dialog>
	<dialog id="9087" caption="Calendar Page Setup" fontface="MS Shell Dlg" style="-1865940788" position="32, 32, 285, 365">
		<control id="100" class="BUTTON" caption="Day view options" style="1342177287" position="6, 4, 113, 66"/>
		<control caption="Print from:" style="1342308354" position="12, 21, 43, 8"/>
		<control id="101" class="COMBOBOX" style="1344339970" position="57, 19, 52, 104"/>
		<control caption="Print to:" style="1342308354" position="12, 39, 42, 8"/>
		<control id="102" class="COMBOBOX" style="1344339970" position="57, 36, 52, 104"/>
		<control id="103" class="BUTTON" caption="Print range" style="1342242819" position="14, 56, 95, 10"/>
		<control id="104" class="BUTTON" caption="Date header" style="1342177287" position="122, 4, 157, 66"/>
		<control id="105" class="BUTTON" caption="Print date header" style="1342242819" position="128, 17, 147, 10"/>
		<control id="106" caption="Date header font:" position="140, 28, 136, 8"/>
		<control id="107" caption="123456789 123456789 123456789\n2\n3" style="1342312576" position="140, 40, 114, 24"/>
		<control id="108" class="BUTTON" caption="..." style="1342242816" position="258, 40, 16, 14"/>
		<control class="BUTTON" caption="Common settings" style="1342177287" position="122, 74, 157, 66"/>
		<control id="110" class="BUTTON" caption="Print in black and white" style="1342242819" position="127, 85, 138, 10"/>
		<control class="BUTTON" caption="Headers and Footers" style="1342177287" position="6, 144, 273, 70"/>
		<control caption="&amp;Header" position="14, 154, 190, 8"/>
		<control id="111" class="EDIT" style="1350631552" position="14, 165, 244, 13"/>
		<control id="113" class="BUTTON" caption="&gt;" style="1342242816" position="260, 165, 13, 13"/>
		<control caption="&amp;Footer" position="14, 184, 190, 8"/>
		<control id="112" class="EDIT" style="1350631552" position="14, 194, 244, 13"/>
		<control id="114" class="BUTTON" caption="&gt;" style="1342242816" position="260, 194, 13, 13"/>
		<control id="1073" class="BUTTON" caption="Paper" style="1342308359" position="6, 218, 198, 51"/>
		<control id="1089" caption="Si&amp;ze:" position="14, 234, 40, 8"/>
		<control id="1137" class="COMBOBOX" style="1344471299" position="57, 232, 141, 160"/>
		<control id="1090" caption="&amp;Source:" position="14, 251, 39, 8"/>
		<control id="1138" class="COMBOBOX" style="1344471299" position="57, 249, 141, 160"/>
		<control id="1072" class="BUTTON" caption="Orientation" style="1342308359" position="212, 218, 67, 51"/>
		<control id="1056" class="BUTTON" caption="P&amp;ortrait" style="1342373892" position="217, 231, 56, 12"/>
		<control id="1057" class="BUTTON" caption="L&amp;andscape" style="1342177284" position="217, 247, 58, 12"/>
		<control id="1075" class="BUTTON" caption="Margins" style="1342308359" position="6, 273, 198, 58"/>
		<control id="1102" caption="&amp;Left:" position="14, 289, 36, 8"/>
		<control id="1155" class="EDIT" style="1350762496" position="57, 287, 32, 13"/>
		<control id="1103" caption="&amp;Right:" position="125, 289, 35, 8"/>
		<control id="1157" class="EDIT" style="1350762496" position="165, 287, 32, 13"/>
		<control id="1104" caption="&amp;Top:" position="14, 309, 35, 8"/>
		<control id="1156" class="EDIT" style="1350762496" position="57, 308, 32, 13"/>
		<control id="1105" caption="&amp;Bottom:" position="125, 309, 35, 8"/>
		<control id="1158" class="EDIT" style="1350762496" position="165, 309, 32, 13"/>
		<control id="109" class="BUTTON" caption="Preview" style="1342177287" position="212, 273, 67, 58"/>
		<control id="1081" style="1342308357" position="263, 288, 4, 38"/>
		<control id="1080" style="1342308358" position="232, 285, 31, 40"/>
		<control id="1082" style="1342308357" position="237, 325, 29, 2"/>
		<control id="1026" class="BUTTON" caption="&amp;Printer..." style="1342242816" position="6, 346, 48, 14"/>
		<control id="57670" class="BUTTON" caption="&amp;Help" style="1342242816" position="122, 346, 48, 14"/>
		<control id="1" class="BUTTON" caption="OK" style="1342373889" position="177, 346, 48, 14"/>
		<control id="2" class="BUTTON" caption="Cancel" style="1342242816" position="232, 346, 48, 14"/>
		<control class="BUTTON" caption="Month view options" style="1342177287" position="6, 74, 113, 66"/>
		<control id="117" class="SysDateTimePick32" style="1342242848" position="48, 84, 67, 15"/>
		<control id="118" class="SysDateTimePick32" style="1342242848" position="48, 104, 67, 15"/>
		<control caption="Print from:" position="9, 86, 36, 8"/>
		<control caption="Print to:" position="18, 106, 27, 8"/>
		<control id="116" class="BUTTON" caption="Print range" style="1342242819" position="14, 125, 95, 10"/>
	</dialog>
	<dialog id="9088" caption="Appointment and Event Details" fontface="MS Shell Dlg" style="-2134376248" position="0, 0, 450, 231">
		<control caption="Subject:  " position="6, 7, 45, 8"/>
		<control id="100" class="EDIT" style="1350631552" position="55, 5, 234, 13"/>
		<control caption="Location:" position="6, 27, 45, 8"/>
		<control id="101" class="EDIT" style="1350631552" position="55, 25, 234, 13"/>
		<control style="1342181381" position="6, 45, 283, 1"/>
		<control id="157" caption="Start time:" position="6, 55, 42, 8"/>
		<control id="102" class="SysDateTimePick32" caption="DateTimePicker1" style="1342242849" position="55, 53, 68, 13"/>
		<control id="103" class="SysDateTimePick32" caption="DateTimePicker2" style="1342242857" position="129, 53, 68, 13"/>
		<control id="106" class="BUTTON" caption="All da&amp;y event" style="1342242819" position="204, 55, 85, 10"/>
		<control id="158" caption="End time:" position="6, 75, 42, 8"/>
		<control id="104" class="SysDateTimePick32" caption="DateTimePicker1" style="1342242849" position="55, 73, 68, 13"/>
		<control id="105" class="SysDateTimePick32" caption="DateTimePicker2" style="1342242857" position="129, 73, 68, 13"/>
		<control style="1342181381" position="6, 93, 283, 1"/>
		<control id="113" class="BUTTON" caption="&amp;Reminder:" style="1342243075" position="6, 102, 45, 10"/>
		<control id="110" class="COMBOBOX" style="1344339970" position="55, 100, 68, 88"/>
		<control id="112" caption="Schedule ID:" style="1342308354" position="135, 102, 64, 10"/>
		<control id="111" class="COMBOBOX" style="1344339971" position="204, 100, 85, 88"/>
		<control style="1342181381" position="295, 5, 1, 110"/>
		<control id="118" caption="La&amp;bel:" position="302, 7, 44, 8"/>
		<control id="108" class="COMBOBOX" style="1344340003" position="350, 5, 94, 209"/>
		<control id="119" caption="&amp;Categories:" position="302, 24, 44, 8"/>
		<control id="109" class="COMBOBOX" style="1344340003" position="350, 22, 94, 209"/>
		<control caption="Sho&amp;w time as:" position="302, 41, 45, 8"/>
		<control id="107" class="COMBOBOX" style="1344340003" position="350, 39, 94, 209"/>
		<control style="1342181381" position="302, 57, 142, 1"/>
		<control id="114" class="BUTTON" caption="&amp;Private" style="1342242819" position="302, 64, 100, 10"/>
		<control id="115" class="BUTTON" caption="&amp;Meeting" style="1342242819" position="302, 76, 100, 10"/>
		<control style="1342181381" position="302, 93, 142, 1"/>
		<control id="116" class="BUTTON" caption="Rec&amp;urrence..." style="1342242816" position="375, 100, 69, 14"/>
		<control id="117" class="EDIT" style="1352732868" position="6, 125, 438, 75"/>
		<control style="1073745925" position="6, 205, 438, 1"/>
		<control id="1" class="BUTTON" caption="OK" style="1342242817" position="171, 211, 50, 14"/>
		<control id="2" class="BUTTON" caption="Cancel" style="1342242816" position="227, 211, 50, 14"/>
	</dialog>
	<dialog id="9089" caption="Appointment Recurrence" fontface="MS Shell Dlg" style="-2134376248" position="0, 0, 340, 362">
		<control class="BUTTON" caption="Appointment time" style="1342177287" position="7, 3, 326, 62"/>
		<control caption="S&amp;tart:" position="13, 17, 32, 8"/>
		<control id="111" class="COMBOBOX" style="1344339970" position="46, 15, 106, 124"/>
		<control caption="E&amp;nd:" position="13, 33, 32, 8"/>
		<control id="102" class="COMBOBOX" style="1344339970" position="46, 31, 106, 158"/>
		<control caption="D&amp;uration:" position="13, 49, 30, 8"/>
		<control id="113" class="COMBOBOX" style="1344339970" position="46, 47, 106, 162"/>
		<control class="BUTTON" caption="Recurrence pattern" style="1342177287" position="7, 68, 326, 68"/>
		<control id="117" class="BUTTON" caption="&amp;Daily" style="1342308361" position="13, 80, 55, 10"/>
		<control id="118" class="BUTTON" caption="&amp;Weekly" style="1342177289" position="13, 94, 55, 10"/>
		<control id="119" class="BUTTON" caption="&amp;Monthly" style="1342177289" position="13, 108, 55, 10"/>
		<control id="120" class="BUTTON" caption="&amp;Yearly" style="1342177289" position="13, 122, 55, 10"/>
		<control id="156" style="1342181383" position="73, 79, 1, 53"/>
		<control id="124" class="BUTTON" caption="E&amp;very" style="1342308361" position="81, 78, 35, 10"/>
		<control id="125" class="BUTTON" caption="WorkDays" style="1342177289" position="81, 93, 108, 10"/>
		<control id="126" class="EDIT" style="1350639744" position="120, 77, 28, 12"/>
		<control id="121" caption="day(s)" position="152, 78, 40, 8"/>
		<control id="134" caption="Re&amp;cur every" position="82, 235, 43, 8"/>
		<control id="123" class="EDIT" style="1350639744" position="127, 233, 26, 12"/>
		<control id="135" caption="week(s) on:" position="157, 235, 66, 8"/>
		<control id="127" class="BUTTON" caption="Monday" style="1342242819" position="82, 249, 41, 10"/>
		<control id="128" class="BUTTON" caption="Tuesday" style="1342242819" position="127, 249, 50, 10"/>
		<control id="129" class="BUTTON" caption="Wednesday" style="1342242819" position="184, 249, 54, 10"/>
		<control id="130" class="BUTTON" caption="Thursday" style="1342242819" position="247, 249, 46, 10"/>
		<control id="131" class="BUTTON" caption="Friday" style="1342242819" position="82, 264, 41, 10"/>
		<control id="132" class="BUTTON" caption="Saturday" style="1342242819" position="127, 264, 45, 10"/>
		<control id="133" class="BUTTON" caption="Sunday" style="1342242819" position="184, 263, 62, 10"/>
		<control id="136" class="BUTTON" caption="D&amp;ay" style="1342308361" position="81, 284, 26, 10"/>
		<control id="137" class="BUTTON" caption="Th&amp;e" style="1342177289" position="81, 302, 28, 10"/>
		<control id="138" class="EDIT" style="1350639744" position="111, 283, 24, 12"/>
		<control id="143" caption="of every" position="139, 285, 28, 8"/>
		<control id="139" class="EDIT" style="1350639744" position="170, 283, 25, 12"/>
		<control id="144" caption="month(s)" position="200, 285, 37, 8"/>
		<control id="140" class="COMBOBOX" style="1344339971" position="111, 300, 50, 230"/>
		<control id="141" class="COMBOBOX" style="1344339971" position="163, 300, 68, 287"/>
		<control id="145" caption="of every" position="234, 301, 28, 8"/>
		<control id="142" class="EDIT" style="1350639744" position="265, 300, 26, 12"/>
		<control id="146" caption="month(s)" position="296, 301, 29, 8"/>
		<control id="147" class="BUTTON" caption="E&amp;very" style="1342308361" position="81, 326, 34, 10"/>
		<control id="148" class="BUTTON" caption="Th&amp;e" style="1342177289" position="81, 344, 31, 10"/>
		<control id="150" class="COMBOBOX" style="1344339971" position="117, 324, 76, 230"/>
		<control id="149" class="EDIT" style="1350631552" position="195, 324, 27, 12"/>
		<control id="154" class="COMBOBOX" style="1344339971" position="117, 342, 48, 230"/>
		<control id="155" class="COMBOBOX" style="1344339971" position="167, 342, 70, 230"/>
		<control id="153" caption="of" position="241, 345, 10, 8"/>
		<control id="151" class="COMBOBOX" style="1344339971" position="253, 342, 71, 230"/>
		<control class="BUTTON" caption="Range of recurrence" style="1342177287" position="7, 140, 326, 52"/>
		<control caption="&amp;Start:" position="13, 156, 28, 8"/>
		<control id="101" class="SysDateTimePick32" style="1342242849" position="46, 153, 106, 12"/>
		<control id="114" class="BUTTON" caption="N&amp;o end date" style="1342308361" position="166, 149, 100, 9"/>
		<control id="115" class="BUTTON" caption="End a&amp;fter:" style="1342177289" position="166, 162, 45, 10"/>
		<control id="116" class="BUTTON" caption="End &amp;by:" style="1342177289" position="166, 176, 39, 10"/>
		<control id="122" class="EDIT" style="1350639744" position="214, 159, 40, 12"/>
		<control caption="occurrences" position="257, 161, 49, 8"/>
		<control id="159" class="SysDateTimePick32" style="1342242849" position="214, 174, 105, 12"/>
		<control id="1" class="BUTTON" caption="OK" style="1342242817" position="67, 197, 50, 14"/>
		<control id="2" class="BUTTON" caption="Cancel" style="1342242816" position="124, 197, 50, 14"/>
		<control id="100" class="BUTTON" caption="&amp;Remove recurrence" style="1476460544" position="181, 197, 90, 14"/>
	</dialog>
	<dialog id="9090" caption="Time Zone" fontface="MS Shell Dlg" style="-2134376248" position="0, 0, 274, 178">
		<control class="BUTTON" caption="Current time zone" style="1342177287" position="7, 7, 260, 65"/>
		<control caption="Label:" position="15, 23, 42, 8"/>
		<control id="101" class="EDIT" style="1350631552" position="60, 21, 40, 14"/>
		<control caption="Time zone:" position="15, 42, 42, 8"/>
		<control id="103" class="COMBOBOX" style="1478557698" position="60, 39, 195, 130"/>
		<control id="105" class="BUTTON" caption="A&amp;utomatically adjust clock for daylight saving changes" style="1476460547" styleex="32" position="18, 56, 234, 8"/>
		<control id="100" class="BUTTON" caption="&amp;Show an additional time zone" style="1342242819" styleex="32" position="7, 78, 260, 8"/>
		<control class="BUTTON" style="1342177287" styleex="32" position="7, 88, 260, 62"/>
		<control caption="Label:" position="15, 101, 42, 8"/>
		<control id="102" class="EDIT" style="1350631552" position="60, 99, 40, 14"/>
		<control caption="Time zone:" position="15, 120, 42, 8"/>
		<control id="104" class="COMBOBOX" style="1344339971" position="60, 117, 195, 135"/>
		<control id="106" class="BUTTON" caption="A&amp;utomatically adjust clock for daylight saving changes" style="1342242819" styleex="32" position="16, 134, 234, 8"/>
		<control id="1" class="BUTTON" caption="OK" style="1342242817" position="150, 158, 50, 14"/>
		<control id="2" class="BUTTON" caption="Cancel" style="1342242816" position="217, 158, 50, 14"/>
	</dialog>
	<dialog id="9091" caption="Reminders" fontface="MS Shell Dlg" style="-2134245176" position="0, 0, 303, 181">
		<control id="106" caption="Static" style="1342308480" position="25, 5, 270, 30"/>
		<control id="100" class="SysListView32" caption="List1" style="1350664205" position="5, 40, 290, 90"/>
		<control id="101" class="BUTTON" caption="Dismiss &amp;All" style="1342242816" position="5, 135, 65, 14"/>
		<control id="103" class="BUTTON" caption="&amp;Open Item" style="1342242816" position="160, 135, 65, 14"/>
		<control id="102" class="BUTTON" caption="&amp;Dismiss" style="1342242816" position="230, 135, 65, 14"/>
		<control caption="Click Snooze to be reminded again in:" position="5, 155, 220, 8"/>
		<control id="104" class="COMBOBOX" style="1344339970" position="5, 165, 220, 130"/>
		<control id="105" class="BUTTON" caption="&amp;Snooze" style="1342242817" position="230, 165, 65, 14"/>
	</dialog>
	<dialog id="9101" caption="Color Categories" style="-2134376256" position="0, 0, 310, 220">
		<control id="100" position="7, 7, 296, 18"/>
		<control id="101" class="LISTBOX" style="1352728929" position="7, 40, 232, 150"/>
		<control id="102" class="BUTTON" caption="&amp;New..." style="1342242816" position="248, 40, 55, 14"/>
		<control id="103" class="BUTTON" caption="&amp;Rename" style="1342242816" position="248, 59, 55, 14"/>
		<control id="104" class="BUTTON" caption="&amp;Delete" style="1342242816" position="248, 78, 55, 14"/>
		<control id="105" class="BUTTON" caption="&amp;Reset" style="1342242816" position="248, 97, 55, 14"/>
		<control caption="&amp;Color:" position="248, 128, 55, 8"/>
		<control id="106" class="BUTTON" style="1342242816" position="248, 140, 55, 14"/>
		<control id="107" class="BUTTON" caption="OK" style="1342242817" position="185, 199, 55, 14"/>
		<control id="2" class="BUTTON" caption="Cancel" style="1342242816" position="248, 199, 55, 14"/>
	</dialog>
	<dialog id="9102" caption="Add New Category" style="-2134376256" position="0, 0, 195, 71">
		<control caption="Name:" position="7, 10, 22, 8"/>
		<control id="100" class="EDIT" style="1350631552" position="38, 7, 150, 14"/>
		<control caption="Color:" position="7, 28, 19, 8"/>
		<control id="106" class="BUTTON" style="1342242816" position="38, 25, 55, 14"/>
		<control id="1" class="BUTTON" caption="OK" style="1476460545" position="82, 50, 50, 14"/>
		<control id="2" class="BUTTON" caption="Cancel" style="1342242816" position="138, 50, 50, 14"/>
	</dialog>
	<dialog id="9114" caption="&amp;Menus" fontface="MS Shell Dlg" style="1086324808" position="0, 0, 230, 150">
		<control id="100" caption="Application Menus" position="4, 5, 222, 8"/>
		<control id="101" caption="Context Menus" position="4, 80, 222, 8"/>
		<control caption="&amp;Show Menu:" position="10, 20, 44, 11"/>
		<control id="102" class="COMBOBOX" style="1344339971" position="54, 18, 159, 79"/>
		<control id="103" class="BUTTON" caption="Reset" style="1342242816" position="10, 57, 70, 14"/>
		<control id="106" caption="Default menu\nDefault application menu" position="37, 34, 181, 18"/>
		<control id="107" resource="0" style="1342177283" position="10, 32, 21, 20"/>
		<control caption="Select &amp;context menu:" position="10, 92, 68, 10"/>
		<control id="104" class="COMBOBOX" style="1344339971" position="83, 90, 130, 79"/>
		<control id="105" class="BUTTON" caption="Reset" style="1342242816" position="10, 108, 70, 14"/>
	</dialog>
	<dialog id="9115" caption="Button Editor" fontface="MS Shell Dlg" style="-1865940792" position="0, 0, 253, 185">
		<control caption="Picture" position="7, 7, 86, 8"/>
		<control class="BUTTON" caption="Colors" style="1342177287" position="102, 106, 80, 71"/>
		<control class="BUTTON" caption="Move" style="1342177287" position="101, 72, 81, 31"/>
		<control class="BUTTON" caption="Preview" style="1342177287" position="7, 106, 86, 71"/>
		<control class="BUTTON" caption="Tools" style="1342177287" position="101, 9, 81, 60"/>
		<control id="1" class="BUTTON" caption="OK" style="1342242817" position="193, 7, 50, 14"/>
		<control id="2" class="BUTTON" caption="Cancel" style="1342242816" position="193, 25, 50, 14"/>
		<control id="100" style="1342177543" position="7, 17, 86, 80"/>
		<control id="101" style="1342308865" styleex="131072" position="14, 117, 73, 54"/>
		<control caption="Transparent" position="135, 156, 42, 8"/>
		<control id="105" style="1342308608" position="116, 153, 15, 15"/>
		<control id="103" caption="Tools" style="1082262017" position="112, 21, 60, 43"/>
		<control id="104" caption="Move" style="1082262017" position="111, 83, 62, 12"/>
		<control id="106" style="1342308620" position="109, 144, 15, 15"/>
		<control id="102" caption="Colors" style="1082262017" position="107, 121, 68, 12"/>
	</dialog>
	<dialog id="9116" caption="&amp;Keyboard" fontface="MS Shell Dlg" style="1086324808" position="0, 0, 230, 150">
		<control caption="Cate&amp;gory:" position="4, 5, 89, 8"/>
		<control id="100" class="COMBOBOX" style="1344339971" position="4, 15, 91, 147"/>
		<control id="101" caption="Co&amp;mmands:" position="4, 28, 89, 8"/>
		<control id="102" class="LISTBOX" style="1352728897" position="4, 38, 91, 77"/>
		<control id="103" caption="K&amp;ey assignments:" position="100, 28, 73, 8"/>
		<control id="104" class="LISTBOX" style="1352728897" position="100, 38, 75, 51"/>
		<control id="105" caption="Press &amp;new shortcut key:" position="100, 93, 100, 8"/>
		<control id="106" class="EDIT" style="1350631552" position="100, 103, 75, 12"/>
		<control id="107" class="BUTTON" caption="&amp;Assign" style="1342242816" position="179, 39, 49, 14"/>
		<control id="108" class="BUTTON" caption="&amp;Remove" style="1342242816" position="179, 56, 49, 14"/>
		<control id="109" class="BUTTON" caption="Re&amp;set All" style="1342242816" position="179, 73, 49, 14"/>
		<control id="110" caption="Description:" position="4, 117, 89, 8"/>
		<control id="111" styleex="131072" position="4, 127, 224, 19"/>
	</dialog>
	<dialog id="9117" caption="Tool&amp;bars" fontface="MS Shell Dlg" style="1086324808" position="0, 0, 230, 150">
		<control caption="Toolb&amp;ars:" position="4, 5, 148, 8"/>
		<control id="100" class="LISTBOX" style="1352728913" position="4, 15, 150, 131"/>
		<control id="101" class="BUTTON" caption="&amp;New..." style="1342242816" position="158, 15, 70, 14"/>
		<control id="102" class="BUTTON" caption="&amp;Rename..." style="1342242816" position="158, 33, 70, 14"/>
		<control id="103" class="BUTTON" caption="&amp;Delete" style="1342242816" position="158, 51, 70, 14"/>
		<control id="104" class="BUTTON" caption="R&amp;eset..." style="1342242816" position="158, 69, 70, 14"/>
	</dialog>
	<dialog id="9118" caption="&amp;Options" fontface="MS Shell Dlg" style="1086324808" position="0, 0, 230, 150">
		<control id="108" caption="Personalized Menus and Toolbars" position="4, 5, 222, 8"/>
		<control id="100" class="BUTTON" caption="Always show full me&amp;nus" style="1342242819" position="10, 17, 216, 10"/>
		<control id="101" class="BUTTON" caption="Show full menus after a short &amp;delay" style="1342242819" position="22, 29, 204, 10"/>
		<control id="102" class="BUTTON" caption="&amp;Reset menu and toolbar usage data" style="1342242816" position="10, 42, 125, 14"/>
		<control id="107" caption="Other" position="4, 70, 222, 8"/>
		<control id="103" class="BUTTON" caption="&amp;Large icons" style="1342242819" position="10, 82, 216, 10"/>
		<control id="104" class="BUTTON" caption="Show Screen&amp;Tips on toolbars" style="1342242819" position="10, 93, 216, 10"/>
		<control id="105" class="BUTTON" caption="Show s&amp;hortcut keys in ScreenTips" style="1342242819" position="22, 104, 204, 10"/>
		<control caption="&amp;Menu animations:" position="10, 117, 56, 8"/>
		<control id="106" class="COMBOBOX" style="1344339971" position="70, 115, 79, 65"/>
	</dialog>
	<dialog id="9119" caption="&amp;Commands" fontface="MS Shell Dlg" style="1086324808" position="0, 0, 230, 150">
		<control caption="To add a command to a toolbar: select a category and drag the command out of this dialog box to a toolbar." position="4, 5, 220, 19"/>
		<control caption="Cate&amp;gories:" position="4, 25, 80, 8"/>
		<control id="100" class="LISTBOX" style="1352728833" position="4, 35, 81, 111"/>
		<control caption="Comman&amp;ds:" position="90, 25, 134, 8"/>
		<control id="101" class="LISTBOX" style="1352728849" position="90, 35, 135, 111"/>
	</dialog>
	<dialog id="9120" caption="New Toolbar" fontface="MS Shell Dlg" style="-2134376248" position="0, 0, 186, 52">
		<control caption="&amp;Toolbar name:" position="4, 4, 178, 8"/>
		<control id="100" class="EDIT" style="1350631552" position="4, 15, 178, 12"/>
		<control id="1" class="BUTTON" caption="OK" style="1342242817" position="78, 34, 50, 14"/>
		<control id="2" class="BUTTON" caption="Cancel" style="1342242816" position="132, 34, 50, 14"/>
	</dialog>
	<dialog id="9313" caption="Tip of the Day" fontface="MS Shell Dlg" style="-2134376248" position="0, 0, 279, 127">
		<control id="1" class="BUTTON" caption="&amp;Close" style="1342242817" position="224, 108, 50, 14"/>
		<control id="100" class="BUTTON" caption="&amp;Show tips at startup" style="1342242819" position="6, 110, 140, 10"/>
		<control id="101" class="BUTTON" caption="&amp;Next Tip" style="1342242816" position="170, 108, 50, 14"/>
		<control id="102" style="1073741832" position="0, 0, 279, 103"/>
	</dialog>
	<dialog id="9314" caption="Custom" fontface="MS Shell Dlg" style="1321205832" position="0, 0, 147, 161">
		<control id="100" caption="&amp;Colors:" position="2, 4, 43, 10"/>
		<control id="101" style="1342242823" position="3, 15, 119, 86"/>
		<control id="102" style="1342242823" position="126, 15, 20, 86"/>
		<control id="104" caption="&amp;Hue:" position="7, 108, 18, 8"/>
		<control id="115" class="EDIT" style="1350639744" position="25, 106, 33, 13"/>
		<control id="112" class="msctls_updown32" caption="Spin1" style="1342177318" position="49, 105, 10, 14"/>
		<control id="105" caption="&amp;Sat:" position="7, 125, 18, 8"/>
		<control id="114" class="EDIT" style="1350639744" position="25, 122, 33, 13"/>
		<control id="116" class="msctls_updown32" caption="Spin2" style="1342177318" position="49, 122, 10, 14"/>
		<control id="106" caption="&amp;Lum:" position="7, 140, 18, 8"/>
		<control id="113" class="EDIT" style="1350639744" position="25, 138, 33, 13"/>
		<control id="117" class="msctls_updown32" caption="Spin3" style="1342177318" position="49, 137, 10, 14"/>
		<control id="107" caption="&amp;Red:" position="65, 108, 23, 8"/>
		<control id="110" class="EDIT" style="1350639744" position="89, 106, 33, 13"/>
		<control id="119" class="msctls_updown32" caption="Spin1" style="1342177318" position="113, 105, 11, 14"/>
		<control id="108" caption="&amp;Green:" position="65, 125, 23, 8"/>
		<control id="111" class="EDIT" style="1350639744" position="89, 122, 33, 13"/>
		<control id="120" class="msctls_updown32" caption="Spin2" style="1342177318" position="113, 122, 11, 14"/>
		<control id="109" caption="&amp;Blue:" position="65, 140, 23, 8"/>
		<control id="118" class="EDIT" style="1350639744" position="89, 138, 33, 13"/>
		<control id="121" class="msctls_updown32" caption="Spin3" style="1342177318" position="113, 137, 11, 14"/>
	</dialog>
	<dialog id="9315" caption="Standard" fontface="MS Shell Dlg" style="1321205832" position="0, 0, 147, 161">
		<control id="100" caption="&amp;Colors:" position="2, 4, 43, 10"/>
		<control id="103" style="1342242823" position="0, 15, 147, 145"/>
	</dialog>
	<dialog id="9316" caption="Arrange Windows" fontface="MS Shell Dlg" style="-1865678776" position="0, 0, 301, 164">
		<control caption="Select &amp;Window:" position="7, 7, 147, 8"/>
		<control id="100" class="LISTBOX" style="1353779539" position="7, 17, 216, 140"/>
		<control id="101" class="BUTTON" caption="&amp;Activate" style="1342242816" position="233, 7, 62, 14"/>
		<control id="1" class="BUTTON" caption="&amp;OK" style="1342242816" position="233, 24, 62, 14"/>
		<control id="105" class="BUTTON" caption="&amp;Save" style="1342242816" position="233, 41, 62, 14"/>
		<control id="104" class="BUTTON" caption="&amp;Close Window" style="1342242816" position="233, 58, 62, 14"/>
		<control id="102" class="BUTTON" caption="Casca&amp;de" style="1342242816" position="233, 75, 62, 14"/>
		<control id="106" class="BUTTON" caption="Tile &amp;Horizontally" style="1342242816" position="233, 92, 62, 14"/>
		<control id="107" class="BUTTON" caption="Tile &amp;Vertically" style="1342242816" position="233, 109, 62, 14"/>
		<control id="103" class="BUTTON" caption="Minimi&amp;ze" style="1342242816" position="233, 126, 62, 14"/>
	</dialog>
	<dialog id="9560" caption="Page Setup" fontface="MS Shell Dlg" style="-1865940788" position="32, 32, 283, 229">
		<control class="BUTTON" caption="Headers and Footers" style="1342177287" position="6, 4, 271, 70"/>
		<control caption="&amp;Header" position="12, 14, 190, 8"/>
		<control id="100" class="EDIT" style="1350631552" position="12, 25, 244, 13"/>
		<control id="102" class="BUTTON" caption="&gt;" style="1342242816" position="258, 25, 13, 13"/>
		<control caption="&amp;Footer" position="12, 44, 190, 8"/>
		<control id="101" class="EDIT" style="1350631552" position="12, 54, 244, 13"/>
		<control id="103" class="BUTTON" caption="&gt;" style="1342242816" position="258, 54, 13, 13"/>
		<control id="1073" class="BUTTON" caption="Paper" style="1342308359" position="6, 78, 196, 51"/>
		<control id="1089" caption="Si&amp;ze:" position="12, 94, 40, 8"/>
		<control id="1137" class="COMBOBOX" style="1344471299" position="55, 92, 141, 160"/>
		<control id="1090" caption="&amp;Source:" position="12, 111, 39, 8"/>
		<control id="1138" class="COMBOBOX" style="1344471299" position="55, 109, 141, 160"/>
		<control id="1072" class="BUTTON" caption="Orientation" style="1342308359" position="210, 78, 67, 51"/>
		<control id="1056" class="BUTTON" caption="P&amp;ortrait" style="1342373892" position="215, 91, 56, 12"/>
		<control id="1057" class="BUTTON" caption="L&amp;andscape" style="1342177284" position="215, 107, 58, 12"/>
		<control id="1075" class="BUTTON" caption="Margins" style="1342308359" position="6, 133, 196, 58"/>
		<control id="1102" caption="&amp;Left:" position="12, 149, 36, 8"/>
		<control id="1155" class="EDIT" style="1350762496" position="55, 147, 32, 13"/>
		<control id="1103" caption="&amp;Right:" position="123, 149, 35, 8"/>
		<control id="1157" class="EDIT" style="1350762496" position="163, 147, 32, 13"/>
		<control id="1104" caption="&amp;Top:" position="12, 169, 35, 8"/>
		<control id="1156" class="EDIT" style="1350762496" position="55, 168, 32, 13"/>
		<control id="1105" caption="&amp;Bottom:" position="123, 169, 35, 8"/>
		<control id="1158" class="EDIT" style="1350762496" position="163, 169, 32, 13"/>
		<control class="BUTTON" caption="Preview" style="1342177287" position="210, 133, 67, 58"/>
		<control id="1081" style="1342308357" position="261, 148, 4, 38"/>
		<control id="1080" style="1342308358" position="230, 145, 31, 40"/>
		<control id="1082" style="1342308357" position="235, 185, 29, 2"/>
		<control id="1026" class="BUTTON" caption="&amp;Printer..." style="1342242816" position="6, 210, 48, 14"/>
		<control id="57670" class="BUTTON" caption="&amp;Help" style="1342242816" position="120, 210, 48, 14"/>
		<control id="1" class="BUTTON" caption="OK" style="1342373889" position="175, 210, 48, 14"/>
		<control id="2" class="BUTTON" caption="Cancel" style="1342242816" position="230, 210, 48, 14"/>
	</dialog>
	<dialog id="9600" caption="&amp;Quick Access" fontface="MS Shell Dlg" style="1086324808" position="0, 0, 230, 150">
		<control caption="&amp;Choose commands from:" position="4, 5, 106, 8"/>
		<control id="102" class="COMBOBOX" style="1344339971" position="4, 15, 91, 85"/>
		<control id="100" class="LISTBOX" style="1352728851" position="4, 32, 91, 101"/>
		<control id="104" class="BUTTON" caption="&amp;Add &gt;&gt;" style="1342242816" position="99, 61, 31, 14"/>
		<control id="105" class="BUTTON" caption="&amp;Remove" style="1342242816" position="99, 78, 31, 14"/>
		<control id="101" class="LISTBOX" style="1352728851" position="134, 32, 91, 84"/>
		<control id="106" class="BUTTON" caption="Re&amp;set" style="1342242816" position="134, 119, 52, 14"/>
		<control id="103" class="BUTTON" caption="S&amp;how Quick Access Toolbar below the Ribbon" style="1342242819" position="4, 136, 221, 12"/>
	</dialog>
	<dialog id="9620" caption="Customize &amp;Ribbon" fontface="MS Shell Dlg" style="1086324808" position="0, 0, 452, 227">
		<control id="107" caption="Customize the Ribbon" position="14, 7, 284, 22"/>
		<control caption="&amp;Choose commands from:" position="18, 34, 106, 8"/>
		<control id="102" class="COMBOBOX" style="1344339971" position="18, 45, 164, 85"/>
		<control id="100" class="XTPCoreTree" style="1342242816" styleex="512" position="18, 65, 164, 145"/>
		<control id="104" class="BUTTON" caption="&amp;Add &gt;&gt;" style="1342242816" position="190, 109, 52, 14"/>
		<control id="105" class="BUTTON" caption="&lt;&lt; &amp;Remove" style="1342242816" position="190, 126, 52, 14"/>
		<control id="114" caption="&amp;Customize the Ribbon:" position="249, 34, 106, 8"/>
		<control id="113" class="COMBOBOX" style="1344339971" position="248, 45, 164, 85"/>
		<control id="101" class="XTPCoreTree" style="1342242816" styleex="512" position="249, 65, 164, 98"/>
		<control id="108" class="BUTTON" caption="Ne&amp;w Tab" style="1342242816" position="249, 168, 52, 14"/>
		<control id="109" class="BUTTON" caption="&amp;New Group" style="1342242816" position="305, 168, 52, 14"/>
		<control id="110" class="BUTTON" caption="Rena&amp;me" style="1342242816" position="361, 168, 52, 14"/>
		<control id="111" class="BUTTON" style="1342242816" position="422, 109, 21, 14"/>
		<control id="112" class="BUTTON" style="1342242816" position="422, 126, 21, 14"/>
		<control id="115" caption="Customizations:" position="251, 188, 50, 8"/>
		<control id="106" class="BUTTON" caption="Re&amp;set" style="1342242816" position="305, 186, 52, 14"/>
		<control id="116" class="BUTTON" caption="Im&amp;port/Export" style="1342242816" position="305, 203, 77, 14"/>
	</dialog>
	<dialog id="9621" caption="&amp;Quick Access Toolbar" fontface="MS Shell Dlg" style="1086324808" position="0, 0, 452, 227">
		<control id="107" caption="Customize the Quick Access Toolbar." position="14, 7, 284, 22"/>
		<control caption="&amp;Choose commands from:" position="18, 34, 106, 8"/>
		<control id="102" class="COMBOBOX" style="1344339971" position="18, 45, 164, 85"/>
		<control id="100" class="LISTBOX" style="1352728851" position="18, 65, 164, 119"/>
		<control id="104" class="BUTTON" caption="&amp;Add &gt;&gt;" style="1342242816" position="190, 109, 52, 14"/>
		<control id="105" class="BUTTON" caption="&lt;&lt; &amp;Remove" style="1342242816" position="190, 126, 52, 14"/>
		<control id="101" class="LISTBOX" style="1352728851" position="249, 65, 164, 119"/>
		<control id="106" class="BUTTON" caption="Re&amp;set" style="1342242816" position="249, 189, 52, 14"/>
		<control id="103" class="BUTTON" caption="S&amp;how Quick Access Toolbar below the Ribbon" style="1342242819" position="18, 190, 161, 14"/>
	</dialog>
	<dialog id="9622" caption="Rename" fontface="MS Shell Dlg" style="-2134376248" position="0, 0, 228, 56">
		<control caption="Display Name:" position="7, 8, 46, 8"/>
		<control id="100" class="EDIT" style="1350631552" position="61, 7, 160, 14"/>
		<control id="1" class="BUTTON" caption="OK" style="1342242817" position="117, 35, 50, 14"/>
		<control id="2" class="BUTTON" caption="Cancel" style="1342242816" position="171, 35, 50, 14"/>
	</dialog>
	<dialog id="9632" fontsize="9" fontface="Segoe UI" style="1073741888" position="0, 0, 497, 258">
		<control id="9638" style="1342177284" position="182, 13, 1, 238"/>
		<control id="9640" style="1073741828" position="191, 7, 299, 244"/>
		<control id="9639" class="BUTTON" caption="Print" style="1342251008" position="22, 22, 49, 44"/>
		<control id="9635" caption="Print" style="1342308480" position="78, 23, 84, 12"/>
		<control id="9634" style="1342177284" position="78, 36, 96, 1"/>
		<control caption="Copies:" position="79, 47, 29, 7"/>
		<control id="9637" class="EDIT" style="1350631552" position="111, 44, 61, 14"/>
	</dialog>
	<dialog id="9633" fontsize="9" fontface="Segoe UI" style="1073741888" position="0, 0, 497, 258">
		<control id="9635" caption="Recent Documents" style="1342308480" position="22, 17, 148, 12"/>
		<control id="9634" style="1342177284" position="22, 30, 468, 1"/>
		<control id="9636" caption="Recent File List" style="1342374144" position="22, 35, 468, 216"/>
	</dialog>
	<dialog id="9705" caption="Editor" fontface="MS Shell Dlg" style="1220542536" position="0, 0, 260, 180">
		<control class="BUTTON" caption="Window Settings " style="1342177287" position="7, 7, 246, 76"/>
		<control id="100" class="BUTTON" caption="&amp;Vertical scrollbar" style="1342242819" position="15, 21, 105, 10"/>
		<control id="101" class="BUTTON" caption="&amp;Horizontal scrollbar" style="1342242819" position="15, 32, 105, 10"/>
		<control id="102" class="BUTTON" caption="Line &amp;Number" style="1342242819" position="15, 43, 105, 10"/>
		<control id="103" class="BUTTON" caption="Selection &amp;margin" style="1342242819" position="15, 54, 105, 10"/>
		<control id="114" class="BUTTON" caption="C&amp;ollapsible Nodes" style="1342242819" position="15, 65, 105, 10"/>
		<control id="104" class="BUTTON" caption="&amp;Auto indentation" style="1342242819" position="130, 20, 115, 10"/>
		<control id="113" class="BUTTON" caption="Virtual &amp;space" style="1342242819" position="130, 35, 115, 10"/>
		<control id="105" class="BUTTON" caption="Synta&amp;x Colorization" style="1342242819" position="130, 50, 115, 10"/>
		<control class="BUTTON" caption="Tabs" style="1342177287" position="7, 88, 162, 43"/>
		<control caption="&amp;Tab size:" position="15, 103, 30, 8"/>
		<control id="108" class="EDIT" style="1350631552" position="50, 100, 46, 14"/>
		<control id="107" class="BUTTON" caption="Insert s&amp;paces" style="1342373897" position="102, 102, 58, 10"/>
		<control id="106" class="BUTTON" caption="&amp;Keep Tabs" style="1342177289" position="102, 113, 51, 10"/>
		<control id="109" class="BUTTON" caption="Overwrite Caret" style="1342308359" position="175, 88, 78, 43"/>
		<control id="110" class="BUTTON" caption="Th&amp;in" style="1342373897" position="181, 102, 31, 10"/>
		<control id="111" class="BUTTON" caption="Thi&amp;ck" style="1342177289" position="181, 113, 36, 10"/>
		<control class="BUTTON" caption="Save Options " style="1342177287" position="7, 135, 246, 37"/>
		<control id="112" class="BUTTON" caption="Automatic &amp;reload of externally modified files" style="1342242819" position="15, 151, 232, 10"/>
	</dialog>
	<dialog id="9706" caption="Editor Font" fontface="MS Shell Dlg" style="1220542536" position="0, 0, 260, 180">
		<control id="100" caption="&amp;Font:" position="7, 7, 40, 9"/>
		<control id="101" class="COMBOBOX" style="1344342337" position="7, 18, 119, 55"/>
		<control id="102" caption="Font St&amp;yle:" position="134, 7, 45, 9"/>
		<control id="103" class="COMBOBOX" style="1344342017" position="134, 18, 75, 55"/>
		<control id="104" caption="Si&amp;ze:" position="217, 7, 30, 9"/>
		<control id="105" class="COMBOBOX" style="1344342017" position="217, 18, 36, 55"/>
		<control caption="Normal &amp;Text:" position="7, 68, 100, 8"/>
		<control id="106" class="COMBOBOX" style="1344340515" position="7, 78, 103, 100"/>
		<control id="107" class="BUTTON" caption="..." style="1342242816" position="113, 78, 13, 12"/>
		<control caption="&amp;Normal Background:" position="7, 95, 100, 8"/>
		<control id="108" class="COMBOBOX" style="1344340515" position="7, 105, 103, 100"/>
		<control id="109" class="BUTTON" caption="..." style="1342242816" position="113, 105, 13, 12"/>
		<control caption="Selected Te&amp;xt:" position="7, 122, 100, 8"/>
		<control id="110" class="COMBOBOX" style="1344340515" position="7, 132, 103, 100"/>
		<control id="111" class="BUTTON" caption="..." style="1342242816" position="113, 132, 13, 12"/>
		<control caption="&amp;Selected Background:" position="7, 149, 100, 8"/>
		<control id="112" class="COMBOBOX" style="1344340515" position="7, 159, 103, 100"/>
		<control id="113" class="BUTTON" caption="..." style="1342242816" position="113, 159, 13, 12"/>
		<control id="114" caption="Sc&amp;ript:" position="135, 69, 100, 9"/>
		<control id="115" class="COMBOBOX" style="1352728643" position="134, 78, 119, 115"/>
		<control id="118" class="BUTTON" caption="Sample Normal / Selected:" style="1342308359" position="135, 128, 118, 44"/>
		<control id="119" caption="AaBbCc" style="1342308865" styleex="512" position="143, 140, 49, 26"/>
		<control id="120" caption="XxYyZz" style="1342308865" styleex="512" position="196, 140, 49, 26"/>
	</dialog>
	<dialog id="9707" caption="Syntax Color" fontface="MS Shell Dlg" style="1220542536" position="0, 0, 260, 180">
		<control id="200" caption="File T&amp;ype:" position="7, 7, 123, 9"/>
		<control id="201" class="LISTBOX" style="1352728835" position="7, 17, 123, 64"/>
		<control id="202" caption="&amp;Attributes:" position="7, 85, 123, 9"/>
		<control id="203" class="LISTBOX" style="1352728835" position="7, 95, 123, 77"/>
		<control caption="Normal &amp;Text:" position="135, 7, 100, 8"/>
		<control id="106" class="COMBOBOX" style="1344340515" position="135, 17, 100, 100"/>
		<control id="107" class="BUTTON" caption="..." style="1342242816" position="238, 17, 13, 12"/>
		<control caption="&amp;Normal Background:" position="135, 33, 100, 8"/>
		<control id="108" class="COMBOBOX" style="1344340515" position="135, 43, 100, 100"/>
		<control id="109" class="BUTTON" caption="..." style="1342242816" position="238, 43, 13, 12"/>
		<control caption="Selected Te&amp;xt:" position="135, 59, 100, 8"/>
		<control id="110" class="COMBOBOX" style="1344340515" position="135, 69, 100, 100"/>
		<control id="111" class="BUTTON" caption="..." style="1342242816" position="238, 69, 13, 12"/>
		<control caption="&amp;Selected Background:" position="135, 85, 100, 8"/>
		<control id="112" class="COMBOBOX" style="1344340515" position="135, 95, 100, 100"/>
		<control id="113" class="BUTTON" caption="..." style="1342242816" position="238, 95, 13, 12"/>
		<control id="204" class="BUTTON" caption="&amp;Bold" style="1342242819" position="135, 114, 30, 10"/>
		<control id="205" class="BUTTON" caption="&amp;Italic" style="1342242819" position="170, 114, 31, 10"/>
		<control id="117" class="BUTTON" caption="&amp;Underline" style="1342242819" position="206, 114, 46, 10"/>
		<control id="118" class="BUTTON" caption="Sample Normal / Selected:" style="1342308359" position="135, 128, 118, 44"/>
		<control id="119" caption="AaBbCc" style="1342308865" styleex="512" position="143, 140, 49, 26"/>
		<control id="120" caption="XxYyZz" style="1342308865" styleex="512" position="196, 140, 49, 26"/>
	</dialog>
	<dialog id="9708" caption="Find &amp; Replace" fontface="MS Shell Dlg" style="-2134376248" position="0, 0, 271, 86">
		<control caption="Find Text" style="1342177280" position="7, 9, 50, 8"/>
		<control id="101" class="COMBOBOX" style="1344340034" position="61, 6, 143, 154"/>
		<control caption="Replace With" style="1342177280" position="7, 25, 50, 8"/>
		<control id="100" class="COMBOBOX" style="1344340034" position="61, 23, 143, 135"/>
		<control class="BUTTON" caption="Options" style="1342177287" position="7, 38, 113, 41"/>
		<control id="105" class="BUTTON" caption="Match whole word only" style="1342242819" position="13, 51, 100, 10"/>
		<control id="104" class="BUTTON" caption="Match case" style="1342242819" position="13, 64, 100, 10"/>
		<control class="BUTTON" caption="Direction" style="1342177287" position="126, 38, 80, 41"/>
		<control id="103" class="BUTTON" caption="Search Up" style="1342308361" position="134, 51, 65, 10"/>
		<control id="102" class="BUTTON" caption="Search Down" style="1342177289" position="134, 64, 65, 10"/>
		<control id="106" class="BUTTON" caption="&amp;Find Next" style="1476460544" position="214, 7, 50, 14"/>
		<control id="107" class="BUTTON" caption="&amp;Replace" style="1476460544" position="214, 23, 50, 14"/>
		<control id="108" class="BUTTON" caption="Replace &amp;All" style="1476460544" position="214, 39, 50, 14"/>
		<control id="2" class="BUTTON" caption="Close" style="1342242816" position="214, 65, 50, 14"/>
	</dialog>
	<dialog id="9709" caption="Find" fontface="MS Shell Dlg" style="-2134376248" position="0, 0, 271, 82">
		<control caption="Find What" style="1342177280" position="7, 9, 43, 8"/>
		<control id="101" class="COMBOBOX" style="1344340034" position="51, 6, 154, 153"/>
		<control class="BUTTON" caption="Options" style="1342177287" position="7, 30, 113, 45"/>
		<control id="105" class="BUTTON" caption="Match whole word only" style="1342242819" position="13, 43, 100, 10"/>
		<control id="104" class="BUTTON" caption="Match case" style="1342242819" position="13, 58, 100, 10"/>
		<control class="BUTTON" caption="Direction" style="1342177287" position="126, 30, 80, 45"/>
		<control id="103" class="BUTTON" caption="Search Up" style="1342177289" position="134, 43, 65, 10"/>
		<control id="102" class="BUTTON" caption="Search Down" style="1342177289" position="134, 58, 65, 10"/>
		<control id="106" class="BUTTON" caption="&amp;Find Next" style="1476460544" position="214, 7, 50, 14"/>
		<control id="2" class="BUTTON" caption="Close" style="1342242816" position="214, 26, 50, 14"/>
	</dialog>
	<dialog id="9710" caption="Go To Line" fontface="MS Shell Dlg" style="-2134376248" position="0, 0, 165, 55">
		<control id="100" caption="&amp;Line number:" position="5, 5, 155, 8"/>
		<control id="101" class="EDIT" style="1350639744" position="5, 17, 155, 14"/>
		<control id="102" class="BUTTON" caption="&amp;Go To" style="1342242816" position="56, 36, 50, 14"/>
		<control id="2" class="BUTTON" caption="Cancel" style="1342242816" position="110, 36, 50, 14"/>
	</dialog>
	<dialog id="9976" fontface="MS Shell Dlg" style="1073741892" position="0, 0, 392, 16">
		<control id="58116" class="BUTTON" caption="&amp;Print..." style="1342275584" position="2, 2, 61, 12"/>
		<control id="58114" class="BUTTON" caption="&amp;Next Page" style="1342275584" position="70, 2, 61, 12"/>
		<control id="58115" class="BUTTON" caption="Pre&amp;v Page" style="1342275584" position="138, 2, 61, 12"/>
		<control id="58113" class="BUTTON" style="1342275584" position="206, 2, 61, 12"/>
		<control id="58117" class="BUTTON" caption="Zoom &amp;In" style="1342275584" position="274, 2, 61, 12"/>
		<control id="58118" class="BUTTON" caption="Zoom &amp;Out" style="1342275584" position="342, 2, 61, 12"/>
		<control id="58112" class="BUTTON" caption="&amp;Close" style="1342275584" position="410, 2, 61, 12"/>
	</dialog>
</resource>
