{
  "Hotkeys": [
    {
      "HotkeyInfo": {
        "Hotkey": "PrintScreen, Control",
        "Win": false
      },
      "TaskSettings": {
        "Description": "",
        "Job": "RectangleRegion",
        "UseDefaultAfterCaptureJob": true,
        "AfterCaptureJob": "CopyImageToClipboard, SaveImageToFile, UploadImageToHost",
        "UseDefaultAfterUploadJob": true,
        "AfterUploadJob": "CopyURLToClipboard",
        "UseDefaultDestinations": true,
        "ImageDestination": "Imgur",
        "ImageFileDestination": "Dropbox",
        "TextDestination": "Pastebin",
        "TextFileDestination": "Dropbox",
        "FileDestination": "Dropbox",
        "URLShortenerDestination": "BITLY",
        "URLSharingServiceDestination": "Twitter",
        "OverrideFTP": false,
        "FTPIndex": 0,
        "OverrideCustomUploader": false,
        "CustomUploaderIndex": 0,
        "UseDefaultGeneralSettings": true,
        "GeneralSettings": {
          "PlaySoundAfterCapture": true,
          "ShowAfterCaptureTasksForm": false,
          "ShowBeforeUploadForm": false,
          "PlaySoundAfterUpload": true,
          "PopUpNotification": "ToastNotification",
          "ShowAfterUploadForm": false
        },
        "UseDefaultImageSettings": true,
        "ImageSettings": {
          "ImageFormat": "PNG",
          "ImageJPEGQuality": 90,
          "ImageGIFQuality": "Default",
          "ImageAutoUseJPEG": true,
          "ImageAutoUseJPEGSize": 2048,
          "FileExistAction": "Ask",
          "ImageEffects": [
            {
              "$type": "ShareX.ImageEffectsLib.Canvas, ShareX.ImageEffectsLib",
              "Margin": "0, 0, 0, 30",
              "Enabled": true
            },
            {
              "$type": "ShareX.ImageEffectsLib.DrawText, ShareX.ImageEffectsLib",
              "Placement": "BottomRight",
              "Offset": "0, 0",
              "AutoHide": true,
              "Text": "getsharex.com",
              "TextFont": "Arial, 11.25pt",
              "TextColor": "White",
              "DrawTextShadow": true,
              "TextShadowColor": "Black",
              "TextShadowOffset": "-1, -1",
              "CornerRadius": 4,
              "BackgroundPadding": 5,
              "DrawBorder": true,
              "BorderColor": "Black",
              "DrawBackground": true,
              "BackgroundColor": "10, 110, 230",
              "UseGradient": true,
              "GradientType": "Vertical",
              "BackgroundColor2": "0, 20, 40",
              "UseCustomGradient": true,
              "Gradient": {
                "Type": "Vertical",
                "Colors": [
                  {
                    "Color": "68, 120, 194",
                    "Location": 0.0
                  },
                  {
                    "Color": "13, 58, 122",
                    "Location": 50.0
                  },
                  {
                    "Color": "6, 36, 78",
                    "Location": 50.0
                  },
                  {
                    "Color": "23, 89, 174",
                    "Location": 100.0
                  }
                ]
              },
              "Enabled": true
            }
          ],
          "ShowImageEffectsWindowAfterCapture": false,
          "ImageEffectOnlyRegionCapture": false,
          "ThumbnailWidth": 200,
          "ThumbnailHeight": 0,
          "ThumbnailName": "-thumbnail",
          "ThumbnailCheckSize": false
        },
        "UseDefaultCaptureSettings": true,
        "CaptureSettings": {
          "ShowCursor": true,
          "CaptureTransparent": false,
          "CaptureShadow": true,
          "CaptureShadowOffset": 20,
          "CaptureClientArea": false,
          "IsDelayScreenshot": false,
          "DelayScreenshot": 2.0,
          "CaptureAutoHideTaskbar": false,
          "CaptureCustomRegion": "0, 0, 0, 0",
          "SurfaceOptions": {
            "QuickCrop": true,
            "RegionCaptureActionRightClick": "RemoveShapeCancelCapture",
            "RegionCaptureActionMiddleClick": "SwapToolType",
            "RegionCaptureActionX1Click": "CaptureFullscreen",
            "RegionCaptureActionX2Click": "CaptureActiveMonitor",
            "DetectWindows": true,
            "DetectControls": true,
            "UseDimming": true,
            "UseCustomInfoText": false,
            "CustomInfoText": "X: $x, Y: $y$nR: $r, G: $g, B: $b$nHex: $hex",
            "SnapSizes": [
              {
                "Width": 426,
                "Height": 240
              },
              {
                "Width": 640,
                "Height": 360
              },
              {
                "Width": 854,
                "Height": 480
              },
              {
                "Width": 1280,
                "Height": 720
              },
              {
                "Width": 1920,
                "Height": 1080
              }
            ],
            "ShowHotkeys": false,
            "ShowInfo": true,
            "ShowMagnifier": true,
            "UseSquareMagnifier": false,
            "MagnifierPixelCount": 15,
            "MagnifierPixelSize": 10,
            "ShowCrosshair": false,
            "IsFixedSize": false,
            "FixedSize": "250, 250",
            "ShowFPS": false,
            "RememberMenuState": false,
            "MenuCollapsed": false,
            "MenuPosition": "0, 0",
            "AnnotationOptions": {
              "BorderColor": "Red",
              "BorderSize": 2,
              "FillColor": "0, 0, 0, 0",
              "RoundedRectangleRadius": 15,
              "TextOptions": {
                "Font": "Arial",
                "Size": 18,
                "Color": "White",
                "Bold": false,
                "Italic": false,
                "Underline": false,
                "AlignmentHorizontal": "Center",
                "AlignmentVertical": "Center"
              },
              "TextBorderColor": "White",
              "TextBorderSize": 0,
              "TextFillColor": "150, 0, 0, 0",
              "TextCornerRadius": 0,
              "StepBorderColor": "White",
              "StepBorderSize": 2,
              "StepFillColor": "Red",
              "BlurRadius": 15,
              "PixelateSize": 7,
              "HighlightColor": "Yellow"
            },
            "LastRegionTool": "RegionRectangle",
            "LastAnnotationTool": "DrawingRectangle"
          },
          "FFmpegOptions": {
            "OverrideCLIPath": false,
            "CLIPath": "N:\\★Download\\ShareX\\ShareX\\Tools\\ffmpeg.exe",
            "VideoSource": "GDI grab",
            "AudioSource": "None",
            "VideoCodec": "libx264",
            "AudioCodec": "libvoaacenc",
            "UserArgs": "",
            "UseCustomCommands": false,
            "CustomCommands": null,
            "ShowError": true,
            "x264_Preset": "ultrafast",
            "x264_CRF": 28,
            "VPx_bitrate": 3000,
            "XviD_qscale": 10,
            "GIFStatsMode": "full",
            "GIFDither": "sierra2_4a",
            "AAC_bitrate": 128,
            "Vorbis_qscale": 3,
            "MP3_qscale": 4
          },
          "ScreenRecordFPS": 30,
          "GIFFPS": 10,
          "GIFEncoding": "FFmpeg",
          "ScreenRecordFixedDuration": false,
          "ScreenRecordDuration": 3.0,
          "ScreenRecordAutoStart": true,
          "ScreenRecordStartDelay": 0.0,
          "ScreenRecordShowCursor": true,
          "RunScreencastCLI": false,
          "VideoEncoderSelected": 0,
          "ScrollingCaptureOptions": {
            "TrimLeftEdge": 0,
            "TrimTopEdge": 0,
            "TrimRightEdge": 0,
            "TrimBottomEdge": 0,
            "CombineAdjustmentVertical": 0,
            "CombineAdjustmentLastVertical": 0,
            "IgnoreLast": 0,
            "ScrollMethod": "Automatic",
            "StartDelay": 500,
            "ScrollDelay": 500,
            "MaximumScrollCount": 20,
            "StartSelectionAutomatically": true,
            "StartCaptureAutomatically": false,
            "ScrollTopMethodBeforeCapture": "All",
            "AutoDetectScrollEnd": true,
            "RemoveDuplicates": true,
            "AfterCaptureAutomaticallyCombine": true,
            "AutoUpload": false,
            "AutoClose": false
          }
        },
        "UseDefaultUploadSettings": true,
        "UploadSettings": {
          "UseCustomTimeZone": false,
          "CustomTimeZone": {
            "Id": "UTC",
            "DisplayName": "UTC",
            "StandardName": "UTC",
            "DaylightName": "UTC",
            "BaseUtcOffset": "00:00:00",
            "AdjustmentRules": null,
            "SupportsDaylightSavingTime": false
          },
          "NameFormatPattern": "%y-%mo-%d_%h-%mi-%s",
          "NameFormatPatternActiveWindow": "%pn_%y-%mo-%d_%h-%mi-%s",
          "RegionCaptureUseWindowPattern": true,
          "FileUploadUseNamePattern": false,
          "ClipboardUploadURLContents": false,
          "ClipboardUploadShortenURL": false,
          "ClipboardUploadShareURL": false,
          "ClipboardUploadAutoIndexFolder": false,
          "UploaderFilters": []
        },
        "UseDefaultActions": true,
        "ExternalPrograms": [],
        "UseDefaultToolsSettings": true,
        "ToolsSettings": {
          "ScreenColorPickerFormat": "$r, $g, $b",
          "IndexerSettings": {
            "Output": "Html",
            "SkipHiddenFolders": true,
            "SkipHiddenFiles": true,
            "MaxDepthLevel": 0,
            "ShowSizeInfo": true,
            "AddFooter": true,
            "IndentationText": "|___",
            "AddEmptyLineAfterFolders": false,
            "UseCustomCSSFile": false,
            "CustomCSSFilePath": "",
            "UseAttribute": true,
            "CreateParseableJson": true
          },
          "ImageCombinerOptions": {
            "Orientation": "Vertical",
            "Space": 0
          },
          "VideoThumbnailOptions": {
            "DefaultOutputDirectory": null,
            "LastVideoPath": null,
            "OutputLocation": "DefaultFolder",
            "CustomOutputDirectory": "",
            "ImageFormat": "PNG",
            "ThumbnailCount": 9,
            "FilenameSuffix": "_Thumbnail",
            "RandomFrame": false,
            "UploadThumbnails": true,
            "KeepScreenshots": false,
            "OpenDirectory": false,
            "MaxThumbnailWidth": 512,
            "CombineScreenshots": true,
            "Padding": 10,
            "Spacing": 10,
            "ColumnCount": 3,
            "AddVideoInfo": true,
            "AddTimestamp": true,
            "DrawShadow": true,
            "DrawBorder": true
          }
        },
        "UseDefaultAdvancedSettings": true,
        "AdvancedSettings": {
          "ProcessImagesDuringFileUpload": false,
          "ProcessImagesDuringClipboardUpload": false,
          "UseAfterCaptureTasksDuringFileUpload": true,
          "TextTaskSaveAsFile": true,
          "AutoClearClipboard": false,
          "UseShareXForAnnotation": false,
          "UseCustomCaptureSound": false,
          "CustomCaptureSoundPath": "",
          "SpeechCapture": "",
          "UseCustomTaskCompletedSound": false,
          "CustomTaskCompletedSoundPath": "",
          "SpeechTaskCompleted": "",
          "UseCustomErrorSound": false,
          "CustomErrorSoundPath": "",
          "CapturePath": null,
          "ImageExtensions": [
            "jpg",
            "jpeg",
            "png",
            "gif",
            "bmp",
            "ico",
            "tif",
            "tiff"
          ],
          "EarlyCopyURL": false,
          "TextExtensions": [
            "txt",
            "log",
            "nfo",
            "c",
            "cpp",
            "cc",
            "cxx",
            "h",
            "hpp",
            "hxx",
            "cs",
            "vb",
            "html",
            "htm",
            "xhtml",
            "xht",
            "xml",
            "css",
            "js",
            "php",
            "bat",
            "java",
            "lua",
            "py",
            "pl",
            "cfg",
            "ini",
            "dart"
          ],
          "ResultForceHTTPS": false,
          "ClipboardContentFormat": "$result",
          "BalloonTipContentFormat": "$result",
          "OpenURLFormat": "$result",
          "AutoShortenURLLength": 0,
          "ToastWindowDuration": 3.0,
          "ToastWindowFadeDuration": 1.0,
          "ToastWindowPlacement": "BottomRight",
          "ToastWindowClickAction": "OpenUrl",
          "ToastWindowSize": "400, 300",
          "AutoCloseAfterUploadForm": false,
          "DisableNotifications": false,
          "TextFileExtension": "txt",
          "TextFormat": "text",
          "TextCustom": "",
          "TextCustomEncodeInput": true,
          "NamePatternMaxLength": 100,
          "NamePatternMaxTitleLength": 50
        },
        "WatchFolderEnabled": false,
        "WatchFolderList": []
      }
    },
    {
      "HotkeyInfo": {
        "Hotkey": "PrintScreen",
        "Win": false
      },
      "TaskSettings": {
        "Description": "",
        "Job": "PrintScreen",
        "UseDefaultAfterCaptureJob": true,
        "AfterCaptureJob": "CopyImageToClipboard, SaveImageToFile, UploadImageToHost",
        "UseDefaultAfterUploadJob": true,
        "AfterUploadJob": "CopyURLToClipboard",
        "UseDefaultDestinations": true,
        "ImageDestination": "Imgur",
        "ImageFileDestination": "Dropbox",
        "TextDestination": "Pastebin",
        "TextFileDestination": "Dropbox",
        "FileDestination": "Dropbox",
        "URLShortenerDestination": "BITLY",
        "URLSharingServiceDestination": "Twitter",
        "OverrideFTP": false,
        "FTPIndex": 0,
        "OverrideCustomUploader": false,
        "CustomUploaderIndex": 0,
        "UseDefaultGeneralSettings": true,
        "GeneralSettings": {
          "PlaySoundAfterCapture": true,
          "ShowAfterCaptureTasksForm": false,
          "ShowBeforeUploadForm": false,
          "PlaySoundAfterUpload": true,
          "PopUpNotification": "ToastNotification",
          "ShowAfterUploadForm": false
        },
        "UseDefaultImageSettings": true,
        "ImageSettings": {
          "ImageFormat": "PNG",
          "ImageJPEGQuality": 90,
          "ImageGIFQuality": "Default",
          "ImageAutoUseJPEG": true,
          "ImageAutoUseJPEGSize": 2048,
          "FileExistAction": "Ask",
          "ImageEffects": [
            {
              "$type": "ShareX.ImageEffectsLib.Canvas, ShareX.ImageEffectsLib",
              "Margin": "0, 0, 0, 30",
              "Enabled": true
            },
            {
              "$type": "ShareX.ImageEffectsLib.DrawText, ShareX.ImageEffectsLib",
              "Placement": "BottomRight",
              "Offset": "0, 0",
              "AutoHide": true,
              "Text": "getsharex.com",
              "TextFont": "Arial, 11.25pt",
              "TextColor": "White",
              "DrawTextShadow": true,
              "TextShadowColor": "Black",
              "TextShadowOffset": "-1, -1",
              "CornerRadius": 4,
              "BackgroundPadding": 5,
              "DrawBorder": true,
              "BorderColor": "Black",
              "DrawBackground": true,
              "BackgroundColor": "10, 110, 230",
              "UseGradient": true,
              "GradientType": "Vertical",
              "BackgroundColor2": "0, 20, 40",
              "UseCustomGradient": true,
              "Gradient": {
                "Type": "Vertical",
                "Colors": [
                  {
                    "Color": "68, 120, 194",
                    "Location": 0.0
                  },
                  {
                    "Color": "13, 58, 122",
                    "Location": 50.0
                  },
                  {
                    "Color": "6, 36, 78",
                    "Location": 50.0
                  },
                  {
                    "Color": "23, 89, 174",
                    "Location": 100.0
                  }
                ]
              },
              "Enabled": true
            }
          ],
          "ShowImageEffectsWindowAfterCapture": false,
          "ImageEffectOnlyRegionCapture": false,
          "ThumbnailWidth": 200,
          "ThumbnailHeight": 0,
          "ThumbnailName": "-thumbnail",
          "ThumbnailCheckSize": false
        },
        "UseDefaultCaptureSettings": true,
        "CaptureSettings": {
          "ShowCursor": true,
          "CaptureTransparent": false,
          "CaptureShadow": true,
          "CaptureShadowOffset": 20,
          "CaptureClientArea": false,
          "IsDelayScreenshot": false,
          "DelayScreenshot": 2.0,
          "CaptureAutoHideTaskbar": false,
          "CaptureCustomRegion": "0, 0, 0, 0",
          "SurfaceOptions": {
            "QuickCrop": true,
            "RegionCaptureActionRightClick": "RemoveShapeCancelCapture",
            "RegionCaptureActionMiddleClick": "SwapToolType",
            "RegionCaptureActionX1Click": "CaptureFullscreen",
            "RegionCaptureActionX2Click": "CaptureActiveMonitor",
            "DetectWindows": true,
            "DetectControls": true,
            "UseDimming": true,
            "UseCustomInfoText": false,
            "CustomInfoText": "X: $x, Y: $y$nR: $r, G: $g, B: $b$nHex: $hex",
            "SnapSizes": [
              {
                "Width": 426,
                "Height": 240
              },
              {
                "Width": 640,
                "Height": 360
              },
              {
                "Width": 854,
                "Height": 480
              },
              {
                "Width": 1280,
                "Height": 720
              },
              {
                "Width": 1920,
                "Height": 1080
              }
            ],
            "ShowHotkeys": false,
            "ShowInfo": true,
            "ShowMagnifier": true,
            "UseSquareMagnifier": false,
            "MagnifierPixelCount": 15,
            "MagnifierPixelSize": 10,
            "ShowCrosshair": false,
            "IsFixedSize": false,
            "FixedSize": "250, 250",
            "ShowFPS": false,
            "RememberMenuState": false,
            "MenuCollapsed": false,
            "MenuPosition": "0, 0",
            "AnnotationOptions": {
              "BorderColor": "Red",
              "BorderSize": 2,
              "FillColor": "0, 0, 0, 0",
              "RoundedRectangleRadius": 15,
              "TextOptions": {
                "Font": "Arial",
                "Size": 18,
                "Color": "White",
                "Bold": false,
                "Italic": false,
                "Underline": false,
                "AlignmentHorizontal": "Center",
                "AlignmentVertical": "Center"
              },
              "TextBorderColor": "White",
              "TextBorderSize": 0,
              "TextFillColor": "150, 0, 0, 0",
              "TextCornerRadius": 0,
              "StepBorderColor": "White",
              "StepBorderSize": 2,
              "StepFillColor": "Red",
              "BlurRadius": 15,
              "PixelateSize": 7,
              "HighlightColor": "Yellow"
            },
            "LastRegionTool": "RegionRectangle",
            "LastAnnotationTool": "DrawingRectangle"
          },
          "FFmpegOptions": {
            "OverrideCLIPath": false,
            "CLIPath": "N:\\★Download\\ShareX\\ShareX\\Tools\\ffmpeg.exe",
            "VideoSource": "GDI grab",
            "AudioSource": "None",
            "VideoCodec": "libx264",
            "AudioCodec": "libvoaacenc",
            "UserArgs": "",
            "UseCustomCommands": false,
            "CustomCommands": null,
            "ShowError": true,
            "x264_Preset": "ultrafast",
            "x264_CRF": 28,
            "VPx_bitrate": 3000,
            "XviD_qscale": 10,
            "GIFStatsMode": "full",
            "GIFDither": "sierra2_4a",
            "AAC_bitrate": 128,
            "Vorbis_qscale": 3,
            "MP3_qscale": 4
          },
          "ScreenRecordFPS": 30,
          "GIFFPS": 10,
          "GIFEncoding": "FFmpeg",
          "ScreenRecordFixedDuration": false,
          "ScreenRecordDuration": 3.0,
          "ScreenRecordAutoStart": true,
          "ScreenRecordStartDelay": 0.0,
          "ScreenRecordShowCursor": true,
          "RunScreencastCLI": false,
          "VideoEncoderSelected": 0,
          "ScrollingCaptureOptions": {
            "TrimLeftEdge": 0,
            "TrimTopEdge": 0,
            "TrimRightEdge": 0,
            "TrimBottomEdge": 0,
            "CombineAdjustmentVertical": 0,
            "CombineAdjustmentLastVertical": 0,
            "IgnoreLast": 0,
            "ScrollMethod": "Automatic",
            "StartDelay": 500,
            "ScrollDelay": 500,
            "MaximumScrollCount": 20,
            "StartSelectionAutomatically": true,
            "StartCaptureAutomatically": false,
            "ScrollTopMethodBeforeCapture": "All",
            "AutoDetectScrollEnd": true,
            "RemoveDuplicates": true,
            "AfterCaptureAutomaticallyCombine": true,
            "AutoUpload": false,
            "AutoClose": false
          }
        },
        "UseDefaultUploadSettings": true,
        "UploadSettings": {
          "UseCustomTimeZone": false,
          "CustomTimeZone": {
            "Id": "UTC",
            "DisplayName": "UTC",
            "StandardName": "UTC",
            "DaylightName": "UTC",
            "BaseUtcOffset": "00:00:00",
            "AdjustmentRules": null,
            "SupportsDaylightSavingTime": false
          },
          "NameFormatPattern": "%y-%mo-%d_%h-%mi-%s",
          "NameFormatPatternActiveWindow": "%pn_%y-%mo-%d_%h-%mi-%s",
          "RegionCaptureUseWindowPattern": true,
          "FileUploadUseNamePattern": false,
          "ClipboardUploadURLContents": false,
          "ClipboardUploadShortenURL": false,
          "ClipboardUploadShareURL": false,
          "ClipboardUploadAutoIndexFolder": false,
          "UploaderFilters": []
        },
        "UseDefaultActions": true,
        "ExternalPrograms": [],
        "UseDefaultToolsSettings": true,
        "ToolsSettings": {
          "ScreenColorPickerFormat": "$r, $g, $b",
          "IndexerSettings": {
            "Output": "Html",
            "SkipHiddenFolders": true,
            "SkipHiddenFiles": true,
            "MaxDepthLevel": 0,
            "ShowSizeInfo": true,
            "AddFooter": true,
            "IndentationText": "|___",
            "AddEmptyLineAfterFolders": false,
            "UseCustomCSSFile": false,
            "CustomCSSFilePath": "",
            "UseAttribute": true,
            "CreateParseableJson": true
          },
          "ImageCombinerOptions": {
            "Orientation": "Vertical",
            "Space": 0
          },
          "VideoThumbnailOptions": {
            "DefaultOutputDirectory": null,
            "LastVideoPath": null,
            "OutputLocation": "DefaultFolder",
            "CustomOutputDirectory": "",
            "ImageFormat": "PNG",
            "ThumbnailCount": 9,
            "FilenameSuffix": "_Thumbnail",
            "RandomFrame": false,
            "UploadThumbnails": true,
            "KeepScreenshots": false,
            "OpenDirectory": false,
            "MaxThumbnailWidth": 512,
            "CombineScreenshots": true,
            "Padding": 10,
            "Spacing": 10,
            "ColumnCount": 3,
            "AddVideoInfo": true,
            "AddTimestamp": true,
            "DrawShadow": true,
            "DrawBorder": true
          }
        },
        "UseDefaultAdvancedSettings": true,
        "AdvancedSettings": {
          "ProcessImagesDuringFileUpload": false,
          "ProcessImagesDuringClipboardUpload": false,
          "UseAfterCaptureTasksDuringFileUpload": true,
          "TextTaskSaveAsFile": true,
          "AutoClearClipboard": false,
          "UseShareXForAnnotation": false,
          "UseCustomCaptureSound": false,
          "CustomCaptureSoundPath": "",
          "SpeechCapture": "",
          "UseCustomTaskCompletedSound": false,
          "CustomTaskCompletedSoundPath": "",
          "SpeechTaskCompleted": "",
          "UseCustomErrorSound": false,
          "CustomErrorSoundPath": "",
          "CapturePath": null,
          "ImageExtensions": [
            "jpg",
            "jpeg",
            "png",
            "gif",
            "bmp",
            "ico",
            "tif",
            "tiff"
          ],
          "EarlyCopyURL": false,
          "TextExtensions": [
            "txt",
            "log",
            "nfo",
            "c",
            "cpp",
            "cc",
            "cxx",
            "h",
            "hpp",
            "hxx",
            "cs",
            "vb",
            "html",
            "htm",
            "xhtml",
            "xht",
            "xml",
            "css",
            "js",
            "php",
            "bat",
            "java",
            "lua",
            "py",
            "pl",
            "cfg",
            "ini",
            "dart"
          ],
          "ResultForceHTTPS": false,
          "ClipboardContentFormat": "$result",
          "BalloonTipContentFormat": "$result",
          "OpenURLFormat": "$result",
          "AutoShortenURLLength": 0,
          "ToastWindowDuration": 3.0,
          "ToastWindowFadeDuration": 1.0,
          "ToastWindowPlacement": "BottomRight",
          "ToastWindowClickAction": "OpenUrl",
          "ToastWindowSize": "400, 300",
          "AutoCloseAfterUploadForm": false,
          "DisableNotifications": false,
          "TextFileExtension": "txt",
          "TextFormat": "text",
          "TextCustom": "",
          "TextCustomEncodeInput": true,
          "NamePatternMaxLength": 100,
          "NamePatternMaxTitleLength": 50
        },
        "WatchFolderEnabled": false,
        "WatchFolderList": []
      }
    },
    {
      "HotkeyInfo": {
        "Hotkey": "PrintScreen, Alt",
        "Win": false
      },
      "TaskSettings": {
        "Description": "",
        "Job": "ActiveWindow",
        "UseDefaultAfterCaptureJob": true,
        "AfterCaptureJob": "CopyImageToClipboard, SaveImageToFile, UploadImageToHost",
        "UseDefaultAfterUploadJob": true,
        "AfterUploadJob": "CopyURLToClipboard",
        "UseDefaultDestinations": true,
        "ImageDestination": "Imgur",
        "ImageFileDestination": "Dropbox",
        "TextDestination": "Pastebin",
        "TextFileDestination": "Dropbox",
        "FileDestination": "Dropbox",
        "URLShortenerDestination": "BITLY",
        "URLSharingServiceDestination": "Twitter",
        "OverrideFTP": false,
        "FTPIndex": 0,
        "OverrideCustomUploader": false,
        "CustomUploaderIndex": 0,
        "UseDefaultGeneralSettings": true,
        "GeneralSettings": {
          "PlaySoundAfterCapture": true,
          "ShowAfterCaptureTasksForm": false,
          "ShowBeforeUploadForm": false,
          "PlaySoundAfterUpload": true,
          "PopUpNotification": "ToastNotification",
          "ShowAfterUploadForm": false
        },
        "UseDefaultImageSettings": true,
        "ImageSettings": {
          "ImageFormat": "PNG",
          "ImageJPEGQuality": 90,
          "ImageGIFQuality": "Default",
          "ImageAutoUseJPEG": true,
          "ImageAutoUseJPEGSize": 2048,
          "FileExistAction": "Ask",
          "ImageEffects": [
            {
              "$type": "ShareX.ImageEffectsLib.Canvas, ShareX.ImageEffectsLib",
              "Margin": "0, 0, 0, 30",
              "Enabled": true
            },
            {
              "$type": "ShareX.ImageEffectsLib.DrawText, ShareX.ImageEffectsLib",
              "Placement": "BottomRight",
              "Offset": "0, 0",
              "AutoHide": true,
              "Text": "getsharex.com",
              "TextFont": "Arial, 11.25pt",
              "TextColor": "White",
              "DrawTextShadow": true,
              "TextShadowColor": "Black",
              "TextShadowOffset": "-1, -1",
              "CornerRadius": 4,
              "BackgroundPadding": 5,
              "DrawBorder": true,
              "BorderColor": "Black",
              "DrawBackground": true,
              "BackgroundColor": "10, 110, 230",
              "UseGradient": true,
              "GradientType": "Vertical",
              "BackgroundColor2": "0, 20, 40",
              "UseCustomGradient": true,
              "Gradient": {
                "Type": "Vertical",
                "Colors": [
                  {
                    "Color": "68, 120, 194",
                    "Location": 0.0
                  },
                  {
                    "Color": "13, 58, 122",
                    "Location": 50.0
                  },
                  {
                    "Color": "6, 36, 78",
                    "Location": 50.0
                  },
                  {
                    "Color": "23, 89, 174",
                    "Location": 100.0
                  }
                ]
              },
              "Enabled": true
            }
          ],
          "ShowImageEffectsWindowAfterCapture": false,
          "ImageEffectOnlyRegionCapture": false,
          "ThumbnailWidth": 200,
          "ThumbnailHeight": 0,
          "ThumbnailName": "-thumbnail",
          "ThumbnailCheckSize": false
        },
        "UseDefaultCaptureSettings": true,
        "CaptureSettings": {
          "ShowCursor": true,
          "CaptureTransparent": false,
          "CaptureShadow": true,
          "CaptureShadowOffset": 20,
          "CaptureClientArea": false,
          "IsDelayScreenshot": false,
          "DelayScreenshot": 2.0,
          "CaptureAutoHideTaskbar": false,
          "CaptureCustomRegion": "0, 0, 0, 0",
          "SurfaceOptions": {
            "QuickCrop": true,
            "RegionCaptureActionRightClick": "RemoveShapeCancelCapture",
            "RegionCaptureActionMiddleClick": "SwapToolType",
            "RegionCaptureActionX1Click": "CaptureFullscreen",
            "RegionCaptureActionX2Click": "CaptureActiveMonitor",
            "DetectWindows": true,
            "DetectControls": true,
            "UseDimming": true,
            "UseCustomInfoText": false,
            "CustomInfoText": "X: $x, Y: $y$nR: $r, G: $g, B: $b$nHex: $hex",
            "SnapSizes": [
              {
                "Width": 426,
                "Height": 240
              },
              {
                "Width": 640,
                "Height": 360
              },
              {
                "Width": 854,
                "Height": 480
              },
              {
                "Width": 1280,
                "Height": 720
              },
              {
                "Width": 1920,
                "Height": 1080
              }
            ],
            "ShowHotkeys": false,
            "ShowInfo": true,
            "ShowMagnifier": true,
            "UseSquareMagnifier": false,
            "MagnifierPixelCount": 15,
            "MagnifierPixelSize": 10,
            "ShowCrosshair": false,
            "IsFixedSize": false,
            "FixedSize": "250, 250",
            "ShowFPS": false,
            "RememberMenuState": false,
            "MenuCollapsed": false,
            "MenuPosition": "0, 0",
            "AnnotationOptions": {
              "BorderColor": "Red",
              "BorderSize": 2,
              "FillColor": "0, 0, 0, 0",
              "RoundedRectangleRadius": 15,
              "TextOptions": {
                "Font": "Arial",
                "Size": 18,
                "Color": "White",
                "Bold": false,
                "Italic": false,
                "Underline": false,
                "AlignmentHorizontal": "Center",
                "AlignmentVertical": "Center"
              },
              "TextBorderColor": "White",
              "TextBorderSize": 0,
              "TextFillColor": "150, 0, 0, 0",
              "TextCornerRadius": 0,
              "StepBorderColor": "White",
              "StepBorderSize": 2,
              "StepFillColor": "Red",
              "BlurRadius": 15,
              "PixelateSize": 7,
              "HighlightColor": "Yellow"
            },
            "LastRegionTool": "RegionRectangle",
            "LastAnnotationTool": "DrawingRectangle"
          },
          "FFmpegOptions": {
            "OverrideCLIPath": false,
            "CLIPath": "N:\\★Download\\ShareX\\ShareX\\Tools\\ffmpeg.exe",
            "VideoSource": "GDI grab",
            "AudioSource": "None",
            "VideoCodec": "libx264",
            "AudioCodec": "libvoaacenc",
            "UserArgs": "",
            "UseCustomCommands": false,
            "CustomCommands": null,
            "ShowError": true,
            "x264_Preset": "ultrafast",
            "x264_CRF": 28,
            "VPx_bitrate": 3000,
            "XviD_qscale": 10,
            "GIFStatsMode": "full",
            "GIFDither": "sierra2_4a",
            "AAC_bitrate": 128,
            "Vorbis_qscale": 3,
            "MP3_qscale": 4
          },
          "ScreenRecordFPS": 30,
          "GIFFPS": 10,
          "GIFEncoding": "FFmpeg",
          "ScreenRecordFixedDuration": false,
          "ScreenRecordDuration": 3.0,
          "ScreenRecordAutoStart": true,
          "ScreenRecordStartDelay": 0.0,
          "ScreenRecordShowCursor": true,
          "RunScreencastCLI": false,
          "VideoEncoderSelected": 0,
          "ScrollingCaptureOptions": {
            "TrimLeftEdge": 0,
            "TrimTopEdge": 0,
            "TrimRightEdge": 0,
            "TrimBottomEdge": 0,
            "CombineAdjustmentVertical": 0,
            "CombineAdjustmentLastVertical": 0,
            "IgnoreLast": 0,
            "ScrollMethod": "Automatic",
            "StartDelay": 500,
            "ScrollDelay": 500,
            "MaximumScrollCount": 20,
            "StartSelectionAutomatically": true,
            "StartCaptureAutomatically": false,
            "ScrollTopMethodBeforeCapture": "All",
            "AutoDetectScrollEnd": true,
            "RemoveDuplicates": true,
            "AfterCaptureAutomaticallyCombine": true,
            "AutoUpload": false,
            "AutoClose": false
          }
        },
        "UseDefaultUploadSettings": true,
        "UploadSettings": {
          "UseCustomTimeZone": false,
          "CustomTimeZone": {
            "Id": "UTC",
            "DisplayName": "UTC",
            "StandardName": "UTC",
            "DaylightName": "UTC",
            "BaseUtcOffset": "00:00:00",
            "AdjustmentRules": null,
            "SupportsDaylightSavingTime": false
          },
          "NameFormatPattern": "%y-%mo-%d_%h-%mi-%s",
          "NameFormatPatternActiveWindow": "%pn_%y-%mo-%d_%h-%mi-%s",
          "RegionCaptureUseWindowPattern": true,
          "FileUploadUseNamePattern": false,
          "ClipboardUploadURLContents": false,
          "ClipboardUploadShortenURL": false,
          "ClipboardUploadShareURL": false,
          "ClipboardUploadAutoIndexFolder": false,
          "UploaderFilters": []
        },
        "UseDefaultActions": true,
        "ExternalPrograms": [],
        "UseDefaultToolsSettings": true,
        "ToolsSettings": {
          "ScreenColorPickerFormat": "$r, $g, $b",
          "IndexerSettings": {
            "Output": "Html",
            "SkipHiddenFolders": true,
            "SkipHiddenFiles": true,
            "MaxDepthLevel": 0,
            "ShowSizeInfo": true,
            "AddFooter": true,
            "IndentationText": "|___",
            "AddEmptyLineAfterFolders": false,
            "UseCustomCSSFile": false,
            "CustomCSSFilePath": "",
            "UseAttribute": true,
            "CreateParseableJson": true
          },
          "ImageCombinerOptions": {
            "Orientation": "Vertical",
            "Space": 0
          },
          "VideoThumbnailOptions": {
            "DefaultOutputDirectory": null,
            "LastVideoPath": null,
            "OutputLocation": "DefaultFolder",
            "CustomOutputDirectory": "",
            "ImageFormat": "PNG",
            "ThumbnailCount": 9,
            "FilenameSuffix": "_Thumbnail",
            "RandomFrame": false,
            "UploadThumbnails": true,
            "KeepScreenshots": false,
            "OpenDirectory": false,
            "MaxThumbnailWidth": 512,
            "CombineScreenshots": true,
            "Padding": 10,
            "Spacing": 10,
            "ColumnCount": 3,
            "AddVideoInfo": true,
            "AddTimestamp": true,
            "DrawShadow": true,
            "DrawBorder": true
          }
        },
        "UseDefaultAdvancedSettings": true,
        "AdvancedSettings": {
          "ProcessImagesDuringFileUpload": false,
          "ProcessImagesDuringClipboardUpload": false,
          "UseAfterCaptureTasksDuringFileUpload": true,
          "TextTaskSaveAsFile": true,
          "AutoClearClipboard": false,
          "UseShareXForAnnotation": false,
          "UseCustomCaptureSound": false,
          "CustomCaptureSoundPath": "",
          "SpeechCapture": "",
          "UseCustomTaskCompletedSound": false,
          "CustomTaskCompletedSoundPath": "",
          "SpeechTaskCompleted": "",
          "UseCustomErrorSound": false,
          "CustomErrorSoundPath": "",
          "CapturePath": null,
          "ImageExtensions": [
            "jpg",
            "jpeg",
            "png",
            "gif",
            "bmp",
            "ico",
            "tif",
            "tiff"
          ],
          "EarlyCopyURL": false,
          "TextExtensions": [
            "txt",
            "log",
            "nfo",
            "c",
            "cpp",
            "cc",
            "cxx",
            "h",
            "hpp",
            "hxx",
            "cs",
            "vb",
            "html",
            "htm",
            "xhtml",
            "xht",
            "xml",
            "css",
            "js",
            "php",
            "bat",
            "java",
            "lua",
            "py",
            "pl",
            "cfg",
            "ini",
            "dart"
          ],
          "ResultForceHTTPS": false,
          "ClipboardContentFormat": "$result",
          "BalloonTipContentFormat": "$result",
          "OpenURLFormat": "$result",
          "AutoShortenURLLength": 0,
          "ToastWindowDuration": 3.0,
          "ToastWindowFadeDuration": 1.0,
          "ToastWindowPlacement": "BottomRight",
          "ToastWindowClickAction": "OpenUrl",
          "ToastWindowSize": "400, 300",
          "AutoCloseAfterUploadForm": false,
          "DisableNotifications": false,
          "TextFileExtension": "txt",
          "TextFormat": "text",
          "TextCustom": "",
          "TextCustomEncodeInput": true,
          "NamePatternMaxLength": 100,
          "NamePatternMaxTitleLength": 50
        },
        "WatchFolderEnabled": false,
        "WatchFolderList": []
      }
    },
    {
      "HotkeyInfo": {
        "Hotkey": "PrintScreen, Shift",
        "Win": false
      },
      "TaskSettings": {
        "Description": "",
        "Job": "ScreenRecorder",
        "UseDefaultAfterCaptureJob": true,
        "AfterCaptureJob": "CopyImageToClipboard, SaveImageToFile, UploadImageToHost",
        "UseDefaultAfterUploadJob": true,
        "AfterUploadJob": "CopyURLToClipboard",
        "UseDefaultDestinations": true,
        "ImageDestination": "Imgur",
        "ImageFileDestination": "Dropbox",
        "TextDestination": "Pastebin",
        "TextFileDestination": "Dropbox",
        "FileDestination": "Dropbox",
        "URLShortenerDestination": "BITLY",
        "URLSharingServiceDestination": "Twitter",
        "OverrideFTP": false,
        "FTPIndex": 0,
        "OverrideCustomUploader": false,
        "CustomUploaderIndex": 0,
        "UseDefaultGeneralSettings": true,
        "GeneralSettings": {
          "PlaySoundAfterCapture": true,
          "ShowAfterCaptureTasksForm": false,
          "ShowBeforeUploadForm": false,
          "PlaySoundAfterUpload": true,
          "PopUpNotification": "ToastNotification",
          "ShowAfterUploadForm": false
        },
        "UseDefaultImageSettings": true,
        "ImageSettings": {
          "ImageFormat": "PNG",
          "ImageJPEGQuality": 90,
          "ImageGIFQuality": "Default",
          "ImageAutoUseJPEG": true,
          "ImageAutoUseJPEGSize": 2048,
          "FileExistAction": "Ask",
          "ImageEffects": [
            {
              "$type": "ShareX.ImageEffectsLib.Canvas, ShareX.ImageEffectsLib",
              "Margin": "0, 0, 0, 30",
              "Enabled": true
            },
            {
              "$type": "ShareX.ImageEffectsLib.DrawText, ShareX.ImageEffectsLib",
              "Placement": "BottomRight",
              "Offset": "0, 0",
              "AutoHide": true,
              "Text": "getsharex.com",
              "TextFont": "Arial, 11.25pt",
              "TextColor": "White",
              "DrawTextShadow": true,
              "TextShadowColor": "Black",
              "TextShadowOffset": "-1, -1",
              "CornerRadius": 4,
              "BackgroundPadding": 5,
              "DrawBorder": true,
              "BorderColor": "Black",
              "DrawBackground": true,
              "BackgroundColor": "10, 110, 230",
              "UseGradient": true,
              "GradientType": "Vertical",
              "BackgroundColor2": "0, 20, 40",
              "UseCustomGradient": true,
              "Gradient": {
                "Type": "Vertical",
                "Colors": [
                  {
                    "Color": "68, 120, 194",
                    "Location": 0.0
                  },
                  {
                    "Color": "13, 58, 122",
                    "Location": 50.0
                  },
                  {
                    "Color": "6, 36, 78",
                    "Location": 50.0
                  },
                  {
                    "Color": "23, 89, 174",
                    "Location": 100.0
                  }
                ]
              },
              "Enabled": true
            }
          ],
          "ShowImageEffectsWindowAfterCapture": false,
          "ImageEffectOnlyRegionCapture": false,
          "ThumbnailWidth": 200,
          "ThumbnailHeight": 0,
          "ThumbnailName": "-thumbnail",
          "ThumbnailCheckSize": false
        },
        "UseDefaultCaptureSettings": true,
        "CaptureSettings": {
          "ShowCursor": true,
          "CaptureTransparent": false,
          "CaptureShadow": true,
          "CaptureShadowOffset": 20,
          "CaptureClientArea": false,
          "IsDelayScreenshot": false,
          "DelayScreenshot": 2.0,
          "CaptureAutoHideTaskbar": false,
          "CaptureCustomRegion": "0, 0, 0, 0",
          "SurfaceOptions": {
            "QuickCrop": true,
            "RegionCaptureActionRightClick": "RemoveShapeCancelCapture",
            "RegionCaptureActionMiddleClick": "SwapToolType",
            "RegionCaptureActionX1Click": "CaptureFullscreen",
            "RegionCaptureActionX2Click": "CaptureActiveMonitor",
            "DetectWindows": true,
            "DetectControls": true,
            "UseDimming": true,
            "UseCustomInfoText": false,
            "CustomInfoText": "X: $x, Y: $y$nR: $r, G: $g, B: $b$nHex: $hex",
            "SnapSizes": [
              {
                "Width": 426,
                "Height": 240
              },
              {
                "Width": 640,
                "Height": 360
              },
              {
                "Width": 854,
                "Height": 480
              },
              {
                "Width": 1280,
                "Height": 720
              },
              {
                "Width": 1920,
                "Height": 1080
              }
            ],
            "ShowHotkeys": false,
            "ShowInfo": true,
            "ShowMagnifier": true,
            "UseSquareMagnifier": false,
            "MagnifierPixelCount": 15,
            "MagnifierPixelSize": 10,
            "ShowCrosshair": false,
            "IsFixedSize": false,
            "FixedSize": "250, 250",
            "ShowFPS": false,
            "RememberMenuState": false,
            "MenuCollapsed": false,
            "MenuPosition": "0, 0",
            "AnnotationOptions": {
              "BorderColor": "Red",
              "BorderSize": 2,
              "FillColor": "0, 0, 0, 0",
              "RoundedRectangleRadius": 15,
              "TextOptions": {
                "Font": "Arial",
                "Size": 18,
                "Color": "White",
                "Bold": false,
                "Italic": false,
                "Underline": false,
                "AlignmentHorizontal": "Center",
                "AlignmentVertical": "Center"
              },
              "TextBorderColor": "White",
              "TextBorderSize": 0,
              "TextFillColor": "150, 0, 0, 0",
              "TextCornerRadius": 0,
              "StepBorderColor": "White",
              "StepBorderSize": 2,
              "StepFillColor": "Red",
              "BlurRadius": 15,
              "PixelateSize": 7,
              "HighlightColor": "Yellow"
            },
            "LastRegionTool": "RegionRectangle",
            "LastAnnotationTool": "DrawingRectangle"
          },
          "FFmpegOptions": {
            "OverrideCLIPath": false,
            "CLIPath": "N:\\★Download\\ShareX\\ShareX\\Tools\\ffmpeg.exe",
            "VideoSource": "GDI grab",
            "AudioSource": "None",
            "VideoCodec": "libx264",
            "AudioCodec": "libvoaacenc",
            "UserArgs": "",
            "UseCustomCommands": false,
            "CustomCommands": null,
            "ShowError": true,
            "x264_Preset": "ultrafast",
            "x264_CRF": 28,
            "VPx_bitrate": 3000,
            "XviD_qscale": 10,
            "GIFStatsMode": "full",
            "GIFDither": "sierra2_4a",
            "AAC_bitrate": 128,
            "Vorbis_qscale": 3,
            "MP3_qscale": 4
          },
          "ScreenRecordFPS": 30,
          "GIFFPS": 10,
          "GIFEncoding": "FFmpeg",
          "ScreenRecordFixedDuration": false,
          "ScreenRecordDuration": 3.0,
          "ScreenRecordAutoStart": true,
          "ScreenRecordStartDelay": 0.0,
          "ScreenRecordShowCursor": true,
          "RunScreencastCLI": false,
          "VideoEncoderSelected": 0,
          "ScrollingCaptureOptions": {
            "TrimLeftEdge": 0,
            "TrimTopEdge": 0,
            "TrimRightEdge": 0,
            "TrimBottomEdge": 0,
            "CombineAdjustmentVertical": 0,
            "CombineAdjustmentLastVertical": 0,
            "IgnoreLast": 0,
            "ScrollMethod": "Automatic",
            "StartDelay": 500,
            "ScrollDelay": 500,
            "MaximumScrollCount": 20,
            "StartSelectionAutomatically": true,
            "StartCaptureAutomatically": false,
            "ScrollTopMethodBeforeCapture": "All",
            "AutoDetectScrollEnd": true,
            "RemoveDuplicates": true,
            "AfterCaptureAutomaticallyCombine": true,
            "AutoUpload": false,
            "AutoClose": false
          }
        },
        "UseDefaultUploadSettings": true,
        "UploadSettings": {
          "UseCustomTimeZone": false,
          "CustomTimeZone": {
            "Id": "UTC",
            "DisplayName": "UTC",
            "StandardName": "UTC",
            "DaylightName": "UTC",
            "BaseUtcOffset": "00:00:00",
            "AdjustmentRules": null,
            "SupportsDaylightSavingTime": false
          },
          "NameFormatPattern": "%y-%mo-%d_%h-%mi-%s",
          "NameFormatPatternActiveWindow": "%pn_%y-%mo-%d_%h-%mi-%s",
          "RegionCaptureUseWindowPattern": true,
          "FileUploadUseNamePattern": false,
          "ClipboardUploadURLContents": false,
          "ClipboardUploadShortenURL": false,
          "ClipboardUploadShareURL": false,
          "ClipboardUploadAutoIndexFolder": false,
          "UploaderFilters": []
        },
        "UseDefaultActions": true,
        "ExternalPrograms": [],
        "UseDefaultToolsSettings": true,
        "ToolsSettings": {
          "ScreenColorPickerFormat": "$r, $g, $b",
          "IndexerSettings": {
            "Output": "Html",
            "SkipHiddenFolders": true,
            "SkipHiddenFiles": true,
            "MaxDepthLevel": 0,
            "ShowSizeInfo": true,
            "AddFooter": true,
            "IndentationText": "|___",
            "AddEmptyLineAfterFolders": false,
            "UseCustomCSSFile": false,
            "CustomCSSFilePath": "",
            "UseAttribute": true,
            "CreateParseableJson": true
          },
          "ImageCombinerOptions": {
            "Orientation": "Vertical",
            "Space": 0
          },
          "VideoThumbnailOptions": {
            "DefaultOutputDirectory": null,
            "LastVideoPath": null,
            "OutputLocation": "DefaultFolder",
            "CustomOutputDirectory": "",
            "ImageFormat": "PNG",
            "ThumbnailCount": 9,
            "FilenameSuffix": "_Thumbnail",
            "RandomFrame": false,
            "UploadThumbnails": true,
            "KeepScreenshots": false,
            "OpenDirectory": false,
            "MaxThumbnailWidth": 512,
            "CombineScreenshots": true,
            "Padding": 10,
            "Spacing": 10,
            "ColumnCount": 3,
            "AddVideoInfo": true,
            "AddTimestamp": true,
            "DrawShadow": true,
            "DrawBorder": true
          }
        },
        "UseDefaultAdvancedSettings": true,
        "AdvancedSettings": {
          "ProcessImagesDuringFileUpload": false,
          "ProcessImagesDuringClipboardUpload": false,
          "UseAfterCaptureTasksDuringFileUpload": true,
          "TextTaskSaveAsFile": true,
          "AutoClearClipboard": false,
          "UseShareXForAnnotation": false,
          "UseCustomCaptureSound": false,
          "CustomCaptureSoundPath": "",
          "SpeechCapture": "",
          "UseCustomTaskCompletedSound": false,
          "CustomTaskCompletedSoundPath": "",
          "SpeechTaskCompleted": "",
          "UseCustomErrorSound": false,
          "CustomErrorSoundPath": "",
          "CapturePath": null,
          "ImageExtensions": [
            "jpg",
            "jpeg",
            "png",
            "gif",
            "bmp",
            "ico",
            "tif",
            "tiff"
          ],
          "EarlyCopyURL": false,
          "TextExtensions": [
            "txt",
            "log",
            "nfo",
            "c",
            "cpp",
            "cc",
            "cxx",
            "h",
            "hpp",
            "hxx",
            "cs",
            "vb",
            "html",
            "htm",
            "xhtml",
            "xht",
            "xml",
            "css",
            "js",
            "php",
            "bat",
            "java",
            "lua",
            "py",
            "pl",
            "cfg",
            "ini",
            "dart"
          ],
          "ResultForceHTTPS": false,
          "ClipboardContentFormat": "$result",
          "BalloonTipContentFormat": "$result",
          "OpenURLFormat": "$result",
          "AutoShortenURLLength": 0,
          "ToastWindowDuration": 3.0,
          "ToastWindowFadeDuration": 1.0,
          "ToastWindowPlacement": "BottomRight",
          "ToastWindowClickAction": "OpenUrl",
          "ToastWindowSize": "400, 300",
          "AutoCloseAfterUploadForm": false,
          "DisableNotifications": false,
          "TextFileExtension": "txt",
          "TextFormat": "text",
          "TextCustom": "",
          "TextCustomEncodeInput": true,
          "NamePatternMaxLength": 100,
          "NamePatternMaxTitleLength": 50
        },
        "WatchFolderEnabled": false,
        "WatchFolderList": []
      }
    }
  ],
  "ApplicationVersion": "11.4.1"
}