{
  "ImgurAccountType": "Anonymous",
  "ImgurDirectLink": true,
  "ImgurThumbnailType": "Large_Thumbnail",
  "ImgurUseGIFV": true,
  "ImgurOAuth2Info": null,
  "ImgurUploadSelectedAlbum": false,
  "ImgurSelectedAlbum": null,
  "ImgurAlbumList": null,
  "ImageShackSettings": {
    "Username": null,
    "Password": null,
    "IsPublic": false,
    "Auth_token": null,
    "ThumbnailWidth": 256,
    "ThumbnailHeight": 0
  },
  "TinyPicAccountType": "Anonymous",
  "TinyPicRegistrationCode": "",
  "TinyPicUsername": "",
  "TinyPicPassword": "",
  "TinyPicRememberUserPass": false,
  "FlickrAuthInfo": {
    "Token": null,
    "Permission": null,
    "UserID": null,
    "Username": null,
    "Fullname": null
  },
  "FlickrSettings": {
    "Title": null,
    "Description": null,
    "Tags": null,
    "IsPublic": null,
    "IsFriend": null,
    "IsFamily": null,
    "SafetyLevel": null,
    "ContentType": null,
    "Hidden": null
  },
  "PhotobucketOAuthInfo": null,
  "PhotobucketAccountInfo": null,
  "PicasaOAuth2Info": null,
  "PicasaAlbumID": "",
  "CheveretoUploader": {
    "UploadURL": "http://ultraimg.com/api/1/upload",
    "APIKey": "3374fa58c672fcaad8dab979f7687397"
  },
  "CheveretoDirectURL": true,
  "SomeImageAPIKey": "",
  "SomeImageDirectURL": true,
  "VgymeUserKey": "",
  "PastebinSettings": {
    "Username": null,
    "Password": null,
    "Exposure": "Unlisted",
    "Expiration": "N",
    "Title": null,
    "TextFormat": "text",
    "UserKey": null,
    "RawURL": false
  },
  "Paste_eeUserAPIKey": "public",
  "GistAnonymousLogin": true,
  "GistOAuth2Info": null,
  "GistPublishPublic": false,
  "GistRawURL": false,
  "UpasteUserKey": "",
  "UpasteIsPublic": false,
  "HastebinCustomDomain": "http://hastebin.com",
  "HastebinSyntaxHighlighting": "hs",
  "HastebinUseFileExtension": true,
  "OneTimeSecretAPIKey": "",
  "OneTimeSecretAPIUsername": "",
  "DropboxOAuth2Info": null,
  "DropboxUploadPath": "Public/ShareX/%y/%mo",
  "DropboxAutoCreateShareableLink": false,
  "DropboxURLType": "Default",
  "DropboxAccountInfo": null,
  "FTPAccountList": [],
  "FTPSelectedImage": 0,
  "FTPSelectedText": 0,
  "FTPSelectedFile": 0,
  "OneDriveOAuth2Info": null,
  "OneDriveSelectedFolder": {
    "id": "me/skydrive",
    "name": "根文件夹",
    "source": null
  },
  "OneDriveAutoCreateShareableLink": true,
  "GoogleDriveOAuth2Info": null,
  "GoogleDriveIsPublic": true,
  "GoogleDriveDirectLink": false,
  "GoogleDriveUseFolder": false,
  "GoogleDriveFolderID": "",
  "PuushAPIKey": "",
  "SendSpaceAccountType": "Anonymous",
  "SendSpaceUsername": "",
  "SendSpacePassword": "",
  "MinusOAuth2Info": null,
  "MinusConfig": {
    "Username": null,
    "Password": null,
    "MinusUser": null,
    "FolderList": [],
    "FolderID": 0,
    "LinkType": "Direct"
  },
  "BoxOAuth2Info": null,
  "BoxSelectedFolder": {
    "type": "folder",
    "id": "0",
    "sequence_id": null,
    "etag": null,
    "name": "Root folder",
    "shared_link": null,
    "parent": null
  },
  "BoxShare": true,
  "Ge_ttLogin": null,
  "LocalhostrEmail": "",
  "LocalhostrPassword": "",
  "LocalhostrDirectURL": true,
  "LocalhostAccountList": [],
  "LocalhostSelectedImages": 0,
  "LocalhostSelectedText": 0,
  "LocalhostSelectedFiles": 0,
  "EmailSmtpServer": "smtp.gmail.com",
  "EmailSmtpPort": 587,
  "EmailFrom": "...@gmail.com",
  "EmailPassword": "",
  "EmailRememberLastTo": true,
  "EmailLastTo": "",
  "EmailDefaultSubject": "Sending email from ShareX",
  "EmailDefaultBody": "Screenshot is attached.",
  "EmailAutomaticSend": false,
  "EmailAutomaticSendTo": "",
  "JiraHost": "http://",
  "JiraIssuePrefix": "PROJECT-",
  "JiraOAuthInfo": null,
  "MegaAuthInfos": null,
  "MegaParentNodeId": null,
  "AmazonS3Settings": {
    "AccessKeyID": null,
    "SecretAccessKey": null,
    "Endpoint": null,
    "Bucket": null,
    "ObjectPrefix": "ShareX/%y/%mo",
    "UseCustomCNAME": false,
    "CustomDomain": null,
    "UseReducedRedundancyStorage": true
  },
  "OwnCloudHost": "",
  "OwnCloudUsername": "",
  "OwnCloudPassword": "",
  "OwnCloudPath": "/",
  "OwnCloudCreateShare": true,
  "OwnCloudDirectLink": false,
  "OwnCloud81Compatibility": false,
  "MediaFireUsername": "",
  "MediaFirePassword": "",
  "MediaFirePath": "",
  "MediaFireUseLongLink": false,
  "PushbulletSettings": {
    "UserAPIKey": "",
    "DeviceList": [],
    "SelectedDevice": 0
  },
  "LambdaSettings": {
    "UserAPIKey": "",
    "UploadURL": "https://λ.pw/"
  },
  "LithiioSettings": {
    "UserAPIKey": ""
  },
  "PomfUploader": {
    "UploadURL": "https://mixtape.moe/upload.php",
    "ResultURL": null
  },
  "SulAPIKey": "",
  "SeafileAPIURL": "",
  "SeafileAuthToken": "",
  "SeafileRepoID": "",
  "SeafilePath": "/",
  "SeafileIsLibraryEncrypted": false,
  "SeafileEncryptedLibraryPassword": "",
  "SeafileCreateShareableURL": true,
  "SeafileIgnoreInvalidCert": false,
  "SeafileShareDaysToExpire": 0,
  "SeafileSharePassword": "",
  "SeafileAccInfoEmail": "",
  "SeafileAccInfoUsage": "",
  "StreamableAnonymous": true,
  "StreamableUsername": "",
  "StreamablePassword": "",
  "StreamableUseDirectURL": false,
  "UpleaApiKey": "",
  "UpleaEmailAddress": "",
  "UpleaIsPremiumMember": false,
  "UpleaInstantDownloadEnabled": false,
  "BitlyOAuth2Info": null,
  "BitlyDomain": "",
  "GoogleURLShortenerAccountType": "Anonymous",
  "GoogleURLShortenerOAuth2Info": null,
  "YourlsAPIURL": "http://yoursite.com/yourls-api.php",
  "YourlsSignature": "",
  "YourlsUsername": "",
  "YourlsPassword": "",
  "AdFlyAPIKEY": "",
  "AdFlyAPIUID": "",
  "CoinURLUUID": "",
  "PolrAPIHostname": "",
  "PolrAPIKey": "",
  "TwitterOAuthInfoList": [],
  "TwitterSelectedAccount": 0,
  "TwitterSkipMessageBox": false,
  "TwitterDefaultMessage": "",
  "CustomUploadersList": [],
  "CustomImageUploaderSelected": 0,
  "CustomTextUploaderSelected": 0,
  "CustomFileUploaderSelected": 0,
  "CustomURLShortenerSelected": 0,
  "ApplicationVersion": "11.4.1"
}