<?xml version="1.0" encoding="UTF-8"?>
<!-- Produced by Beyond Compare 4 from Scooter Software -->
<BCSessions Version="1" MinVersion="1">
	<TSessionFolder>
		<Items>
			<TSessionFolder>
				<Items>
					<TDirCompareSession Value="N:\ &lt;--> W:\">
						<LastModified Value="2022-05-04 16:31:29"/>
						<Specs>
							<Left Value="N:\"/>
							<Right Value="W:\"/>
						</Specs>
						<State>
							<DisplayFilter Value="[showLeftAdded, showRightAdded, showLeftChanged, showRightChanged, showConflict]"/>
						</State>
					</TDirCompareSession>
					<TDirCompareSession Value="M:\ &lt;--> V:\">
						<LastModified Value="2022-05-04 16:30:11"/>
						<Specs>
							<Left Value="M:\"/>
							<Right Value="V:\"/>
						</Specs>
						<State>
							<DisplayFilter Value="[showLeftAdded, showRightAdded, showLeftChanged, showRightChanged, showConflict]"/>
						</State>
					</TDirCompareSession>
					<TDirCompareSession Value="我的工具">
						<LastModified Value="2022-05-04 16:29:19"/>
						<Specs>
							<Left Value="L:\我的工具"/>
							<Right Value="U:\我的工具"/>
						</Specs>
						<State>
							<DisplayFilter Value="[showLeftAdded, showRightAdded, showLeftChanged, showRightChanged, showConflict]"/>
						</State>
					</TDirCompareSession>
					<TDirCompareSession Value="NirLauncher">
						<LastModified Value="2022-05-04 16:24:38"/>
						<Specs>
							<Left Value="L:\NirLauncher"/>
						</Specs>
						<State>
							<DisplayFilter Value="[showLeftAdded, showRightAdded, showLeftChanged, showRightChanged, showConflict]"/>
						</State>
					</TDirCompareSession>
					<TDirCompareSession Value="NirLauncher">
						<LastModified Value="2022-05-04 16:24:10"/>
						<Specs>
							<Left Value="D:\NirLauncher"/>
							<Right Value="L:\NirLauncher"/>
						</Specs>
						<State>
							<DisplayFilter Value="[showLeftAdded, showRightAdded, showLeftChanged, showRightChanged, showConflict]"/>
						</State>
					</TDirCompareSession>
					<TDirCompareSession Value="I:\ &lt;--> R:\">
						<LastModified Value="2022-05-04 16:23:30"/>
						<Specs>
							<Left Value="I:\"/>
							<Right Value="R:\"/>
						</Specs>
						<State>
							<DisplayFilter Value="[showLeftAdded, showRightAdded, showLeftChanged, showRightChanged, showConflict]"/>
						</State>
					</TDirCompareSession>
					<TDirCompareSession Value="E:\ &lt;--> Z:\">
						<LastModified Value="2022-05-04 16:21:03"/>
						<Specs>
							<Left Value="E:\"/>
							<Right Value="Z:\"/>
						</Specs>
						<State>
							<DisplayFilter Value="[showLeftAdded, showRightAdded, showLeftChanged, showRightChanged, showConflict]"/>
						</State>
					</TDirCompareSession>
					<TDirCompareSession Value="D:\ &lt;--> Y:\">
						<LastModified Value="2022-05-04 16:18:51"/>
						<Specs>
							<Left Value="D:\"/>
							<Right Value="Y:\"/>
						</Specs>
						<State>
							<DisplayFilter Value="[showLeftAdded, showRightAdded, showLeftChanged, showRightChanged, showConflict]"/>
						</State>
					</TDirCompareSession>
				</Items>
			</TSessionFolder>
			<TDirCompareSession>
				<State>
					<DisplayFilter Value="[showLeftAdded, showRightAdded, showLeftChanged, showRightChanged, showConflict]"/>
				</State>
			</TDirCompareSession>
		</Items>
	</TSessionFolder>
</BCSessions>
