<?xml version="1.0" encoding="UTF-8"?>
<!-- Produced by Beyond Compare 4 from Scooter Software -->
<BCState Version="1" MinVersion="1">
	<TBcState>
		<FirstStartup Value="False"/>
		<FormPositions>
			<TImportDialog Value="408;106;957;611;;120"/>
			<TProfileBrowseDialog Value="188;0;1178;742;;120"/>
			<TViewFrame Value="96;96;1257;706;3;120"/>
		</FormPositions>
	</TBcState>
	<TDirCompareState>
		<LeftMRUSpecs>
			<_0 Value="N:\"/>
			<_1 Value="M:\"/>
			<_2 Value="L:\我的工具"/>
			<_3 Value="L:\"/>
			<_4 Value="L:\NirLauncher"/>
			<_5 Value="D:\NirLauncher"/>
			<_6 Value="I:\"/>
			<_7 Value="E:\"/>
			<_8 Value="D:\"/>
		</LeftMRUSpecs>
		<RightMRUSpecs>
			<_0 Value="W:\"/>
			<_1 Value="V:\"/>
			<_2 Value="U:\我的工具"/>
			<_3 Value="U:\"/>
			<_4 Value="L:\NirLauncher"/>
			<_5 Value="R:\"/>
			<_6 Value="Z:\"/>
			<_7 Value="Y:\"/>
		</RightMRUSpecs>
	</TDirCompareState>
	<THomeState>
		<NewExpanded Value="True"/>
		<SessionType Value="TDirCompareSession"/>
	</THomeState>
</BCState>
