<GlobalOptions Type="TGlobalOptions"><Tag>0</Tag><GroupExtensionsByFileType>True</GroupExtensionsByFileType><FileAges Type="TFileAges"><AsString>1;7;30;182;365;730;2147483647</AsString></FileAges><RefreshInterval>10000</RefreshInterval><ChartShowFreeSpace>True</ChartShowFreeSpace><ChartShowGradient>True</ChartShowGradient><HistoryShowTypes>3</HistoryShowTypes><ColorForCompressed>True</ColorForCompressed><ExcludePatterns Type="TPatterns"/><GroupExtensions>True</GroupExtensions><GroupUsers>False</GroupUsers><ExcludeOfflineFiles>False</ExcludeOfflineFiles><DefaultExcelExportFileW></DefaultExcelExportFileW><ShowExtendedNetworkPath>True</ShowExtendedNetworkPath><DefaultValueAutomaticUpdates>True</DefaultValueAutomaticUpdates><AlwaysCreateFilesItem>False</AlwaysCreateFilesItem><FollowReparsePoints>False</FollowReparsePoints><HTMLStyleSheet>C:\Downloads\TreeSize Professional V5.2.3.505┊很强大的硬盘空间管理工具┊英文绿色便携版\TreeSizePortable\App\TreeSize\tsizepro.css</HTMLStyleSheet><TrackHardLinksAndADS>False</TrackHardLinksAndADS><NumberOfTopFiles>100</NumberOfTopFiles><ShowDrivesPanel>True</ShowDrivesPanel><AdditionalDrivesForDriveList Type="TTntStringList"/><DriveListExcludes Type="TJamPathList"/><MaximumThreads>5</MaximumThreads><StartupBehaviour>0</StartupBehaviour><StartupPaths Type="TJamPathList"/><ShowDateAndTime>False</ShowDateAndTime><DetermineIconsOnFileExt>True</DetermineIconsOnFileExt><BoldForPrinting>True</BoldForPrinting><BoldFactor>15</BoldFactor><BoldFactorType>0</BoldFactorType><ThreadPriority>2</ThreadPriority><FileAgeStatistics>True</FileAgeStatistics><FileAgesDateType>1</FileAgesDateType><AppendtoExistingFiles>False</AppendtoExistingFiles><UpdateRightPane>False</UpdateRightPane><DefaultShowFiles>False</DefaultShowFiles><ShareHistroyFile>False</ShareHistroyFile><ShowZeroInHistory>False</ShowZeroInHistory><GroupScans>False</GroupScans><Chart3D>True</Chart3D><TreemapPaintAlgorithm>2</TreemapPaintAlgorithm><OpenSavedFiles>False</OpenSavedFiles><Decimals>1</Decimals><ShowLongTooltips>True</ShowLongTooltips><ShowInidcatorBarsInTree>True</ShowInidcatorBarsInTree><IndicatorBarColor1>6619135</IndicatorBarColor1><IndicatorBarColor2>25855</IndicatorBarColor2><ViewType>3</ViewType><RecentlyScanned Type="TTntStringList"><String0>C:\</String0><String1>E:\</String1><String2>G:\</String2><String3>J:\</String3><String4>K:\</String4><String5>M:\</String5><String6>N:\</String6></RecentlyScanned><MRUMaximum>12</MRUMaximum><SortType>1</SortType><SizeUnit>5</SizeUnit><PrinterName></PrinterName><PrintOrientation>0</PrintOrientation><ShowErrors>False</ShowErrors><ShowPointsInLineSeries>False</ShowPointsInLineSeries><TreeMap2DMinimumSize>8</TreeMap2DMinimumSize><IndentSizeIndicators>True</IndentSizeIndicators><GridLinesInDirectoryTree>False</GridLinesInDirectoryTree><Media0><TMediaSettings Type="TMediaSettings"><ExportFullBranch>False</ExportFullBranch><IncludeHeader>False</IncludeHeader><IncludeUnits>True</IncludeUnits><UsePlainByteValues>False</UsePlainByteValues></TMediaSettings></Media0><Media1><TMediaSettings Type="TMediaSettings"><ExportFullBranch>False</ExportFullBranch><IncludeHeader>True</IncludeHeader><IncludeUnits>True</IncludeUnits><UsePlainByteValues>False</UsePlainByteValues></TMediaSettings></Media1><Media2><TMediaSettings Type="TMediaSettings"><ExportFullBranch>False</ExportFullBranch><IncludeHeader>True</IncludeHeader><IncludeUnits>True</IncludeUnits><UsePlainByteValues>False</UsePlainByteValues></TMediaSettings></Media2><Media3><TMediaSettings Type="TMediaSettings"><ExportFullBranch>False</ExportFullBranch><IncludeHeader>True</IncludeHeader><IncludeUnits>True</IncludeUnits><UsePlainByteValues>False</UsePlainByteValues></TMediaSettings></Media3><Media4><TMediaSettings Type="TMediaSettings"><ExportFullBranch>False</ExportFullBranch><IncludeHeader>True</IncludeHeader><IncludeUnits>True</IncludeUnits><UsePlainByteValues>False</UsePlainByteValues></TMediaSettings></Media4><DriveList><TTntListColumns Type="TTntListColumns"><CollectionItem0 Type="TTntListColumn"><Alignment>0</Alignment><AutoSize>False</AutoSize><Caption>名称</Caption><ImageIndex>-1</ImageIndex><MaxWidth>0</MaxWidth><MinWidth>0</MinWidth><Tag>0</Tag><Width>100</Width></CollectionItem0><CollectionItem1 Type="TTntListColumn"><Alignment>1</Alignment><AutoSize>False</AutoSize><Caption>Size</Caption><ImageIndex>-1</ImageIndex><MaxWidth>0</MaxWidth><MinWidth>0</MinWidth><Tag>0</Tag><Width>72</Width></CollectionItem1><CollectionItem2 Type="TTntListColumn"><Alignment>1</Alignment><AutoSize>False</AutoSize><Caption>Free</Caption><ImageIndex>-1</ImageIndex><MaxWidth>0</MaxWidth><MinWidth>0</MinWidth><Tag>0</Tag><Width>63</Width></CollectionItem2><CollectionItem3 Type="TTntListColumn"><Alignment>2</Alignment><AutoSize>False</AutoSize><Caption>% Free</Caption><ImageIndex>-1</ImageIndex><MaxWidth>0</MaxWidth><MinWidth>0</MinWidth><Tag>0</Tag><Width>76</Width></CollectionItem3></TTntListColumns></DriveList><ExtensionsList.TVTHeaderEx.Columns Type="TVirtualTreeColumnsEx"><CollectionItem0 Type="TVirtualTreeColumn"><Alignment>0</Alignment><ImageIndex>-1</ImageIndex><Layout>0</Layout><Margin>4</Margin><MaxWidth>10000</MaxWidth><MinWidth>10</MinWidth><Options>2303</Options><Position>0</Position><Spacing>4</Spacing><Style>0</Style><Tag>0</Tag><Width>100</Width></CollectionItem0><CollectionItem1 Type="TVirtualTreeColumn"><Alignment>1</Alignment><Color>16119285</Color><ImageIndex>-1</ImageIndex><Layout>0</Layout><Margin>4</Margin><MaxWidth>10000</MaxWidth><MinWidth>10</MinWidth><Options>2287</Options><Position>1</Position><Spacing>4</Spacing><Style>0</Style><Tag>0</Tag><Width>100</Width></CollectionItem1><CollectionItem2 Type="TVirtualTreeColumn"><Alignment>1</Alignment><ImageIndex>-1</ImageIndex><Layout>0</Layout><Margin>4</Margin><MaxWidth>10000</MaxWidth><MinWidth>10</MinWidth><Options>2303</Options><Position>2</Position><Spacing>4</Spacing><Style>0</Style><Tag>0</Tag><Width>100</Width></CollectionItem2><CollectionItem3 Type="TVirtualTreeColumn"><Alignment>2</Alignment><ImageIndex>-1</ImageIndex><Layout>0</Layout><Margin>4</Margin><MaxWidth>10000</MaxWidth><MinWidth>10</MinWidth><Options>2303</Options><Position>3</Position><Spacing>4</Spacing><Style>0</Style><Tag>0</Tag><Width>80</Width></CollectionItem3><CollectionItem4 Type="TVirtualTreeColumn"><Alignment>1</Alignment><ImageIndex>-1</ImageIndex><Layout>0</Layout><Margin>4</Margin><MaxWidth>10000</MaxWidth><MinWidth>10</MinWidth><Options>2303</Options><Position>4</Position><Spacing>4</Spacing><Style>0</Style><Tag>0</Tag><Width>80</Width></CollectionItem4><CollectionItem5 Type="TVirtualTreeColumn"><Alignment>0</Alignment><ImageIndex>-1</ImageIndex><Layout>0</Layout><Margin>4</Margin><MaxWidth>10000</MaxWidth><MinWidth>10</MinWidth><Options>2303</Options><Position>5</Position><Spacing>4</Spacing><Style>0</Style><Tag>0</Tag><Width>160</Width></CollectionItem5></ExtensionsList.TVTHeaderEx.Columns><UsersList.TVTHeaderEx.Columns Type="TVirtualTreeColumnsEx"><CollectionItem0 Type="TVirtualTreeColumn"><Alignment>0</Alignment><ImageIndex>-1</ImageIndex><Layout>0</Layout><Margin>4</Margin><MaxWidth>10000</MaxWidth><MinWidth>10</MinWidth><Options>2303</Options><Position>0</Position><Spacing>4</Spacing><Style>0</Style><Tag>0</Tag><Width>160</Width></CollectionItem0><CollectionItem1 Type="TVirtualTreeColumn"><Alignment>1</Alignment><Color>16119285</Color><ImageIndex>-1</ImageIndex><Layout>0</Layout><Margin>4</Margin><MaxWidth>10000</MaxWidth><MinWidth>10</MinWidth><Options>2287</Options><Position>1</Position><Spacing>4</Spacing><Style>0</Style><Tag>0</Tag><Width>100</Width></CollectionItem1><CollectionItem2 Type="TVirtualTreeColumn"><Alignment>1</Alignment><ImageIndex>-1</ImageIndex><Layout>0</Layout><Margin>4</Margin><MaxWidth>10000</MaxWidth><MinWidth>10</MinWidth><Options>2303</Options><Position>2</Position><Spacing>4</Spacing><Style>0</Style><Tag>0</Tag><Width>100</Width></CollectionItem2><CollectionItem3 Type="TVirtualTreeColumn"><Alignment>2</Alignment><ImageIndex>-1</ImageIndex><Layout>0</Layout><Margin>4</Margin><MaxWidth>10000</MaxWidth><MinWidth>10</MinWidth><Options>2303</Options><Position>3</Position><Spacing>4</Spacing><Style>0</Style><Tag>0</Tag><Width>80</Width></CollectionItem3><CollectionItem4 Type="TVirtualTreeColumn"><Alignment>1</Alignment><ImageIndex>-1</ImageIndex><Layout>0</Layout><Margin>4</Margin><MaxWidth>10000</MaxWidth><MinWidth>10</MinWidth><Options>2303</Options><Position>4</Position><Spacing>4</Spacing><Style>0</Style><Tag>0</Tag><Width>80</Width></CollectionItem4></UsersList.TVTHeaderEx.Columns><TopFilesList.TVTHeaderEx.Columns Type="TVirtualTreeColumnsEx"><CollectionItem0 Type="TVirtualTreeColumn"><Alignment>0</Alignment><ImageIndex>-1</ImageIndex><Layout>0</Layout><Margin>4</Margin><MaxWidth>10000</MaxWidth><MinWidth>10</MinWidth><Options>2303</Options><Position>0</Position><Spacing>4</Spacing><Style>0</Style><Tag>0</Tag><Width>367</Width></CollectionItem0><CollectionItem1 Type="TVirtualTreeColumn"><Alignment>0</Alignment><ImageIndex>-1</ImageIndex><Layout>0</Layout><Margin>4</Margin><MaxWidth>10000</MaxWidth><MinWidth>10</MinWidth><Options>2303</Options><Position>1</Position><Spacing>4</Spacing><Style>0</Style><Tag>0</Tag><Width>461</Width></CollectionItem1><CollectionItem2 Type="TVirtualTreeColumn"><Alignment>1</Alignment><Color>16119285</Color><ImageIndex>-1</ImageIndex><Layout>0</Layout><Margin>4</Margin><MaxWidth>10000</MaxWidth><MinWidth>10</MinWidth><Options>2287</Options><Position>2</Position><Spacing>4</Spacing><Style>0</Style><Tag>0</Tag><Width>82</Width></CollectionItem2><CollectionItem3 Type="TVirtualTreeColumn"><Alignment>0</Alignment><ImageIndex>-1</ImageIndex><Layout>0</Layout><Margin>4</Margin><MaxWidth>10000</MaxWidth><MinWidth>10</MinWidth><Options>2303</Options><Position>3</Position><Spacing>4</Spacing><Style>0</Style><Tag>0</Tag><Width>93</Width></CollectionItem3><CollectionItem4 Type="TVirtualTreeColumn"><Alignment>0</Alignment><ImageIndex>-1</ImageIndex><Layout>0</Layout><Margin>4</Margin><MaxWidth>10000</MaxWidth><MinWidth>10</MinWidth><Options>2303</Options><Position>4</Position><Spacing>4</Spacing><Style>0</Style><Tag>0</Tag><Width>75</Width></CollectionItem4><CollectionItem5 Type="TVirtualTreeColumn"><Alignment>0</Alignment><ImageIndex>-1</ImageIndex><Layout>0</Layout><Margin>4</Margin><MaxWidth>10000</MaxWidth><MinWidth>10</MinWidth><Options>2303</Options><Position>5</Position><Spacing>4</Spacing><Style>0</Style><Tag>0</Tag><Width>100</Width></CollectionItem5><CollectionItem6 Type="TVirtualTreeColumn"><Alignment>0</Alignment><ImageIndex>-1</ImageIndex><Layout>0</Layout><Margin>4</Margin><MaxWidth>10000</MaxWidth><MinWidth>10</MinWidth><Options>2303</Options><Position>6</Position><Spacing>4</Spacing><Style>0</Style><Tag>0</Tag><Width>120</Width></CollectionItem6></TopFilesList.TVTHeaderEx.Columns></GlobalOptions>
